camp_code,brochure_sport_code
AAAAA3 - TEST - 1204,NPCA
AAAAA9,NPCA
ACWEHC,ACTN
ACWEMB,ACTN
ACWESK,ACTN
ACWEWD,ACTN
ADAIHS,ACAD
ADINAI,ACAD
ADOARB,ACAD
ADOZCC,ACAD
ADOZFU,ACAD
ADOZLF,ACAD
ADOZMC,ACAD
ADOZRU,ACAD
ADOZSU,ACAD
ADSCTH,ACAD
ADSTPO,ACAD
ADSTSB,ACAD
ADSTSD,ACAD
ADUPHO,ACAD
ADXRDR,ACAD
BAXDAB,BASE
BAXDAC,BASE
BAXDAF,BASE
BAXDAH,BASE
BAXDAL,BASE
BAXDAR,BASE
BAXDAS,BASE
BAXDAT,BASE
BAXDAU,BASE
BAXDBA,BASE
BAXDBB,BASE
BAXDBF,BASE
BAXDBH,BASE
BAXDBI,BASE
BAXDBK,BASE
BAXDBM,BASE
BAXDBO,BASE
BAXDBR,BASE
BAXDBS,BASE
BAXDBU,BASE
BAXDCA,CALB
BAXDCB,BASE
BAXDCC,BASE
BAXDCD,BASE
BAXDCF,BASE
BAXDCH,BASE
BAXDCO,BASE
BAXDCP,BASE
BAXDCR,BASE
BAXDCS,BASE
BAXDCU,BASE
BAXDCV,BASE
BAXDDA,BASE
BAXDDC,BASE
BAXDDH,BASE
BAXDDL,BASE
BAXDDS,BASE
BAXDEB,BASE
BAXDEC,BASE
BAXDEL,BASE
BAXDEO,BASE
BAXDET,BASE
BAXDEV,BASE
BAXDEX,BASE
BAXDFC,BASE
BAXDFD,BASE
BAXDFG,BASE
BAXDFL,BASE
BAXDFS,BASE
BAXDFU,BASE
BAXDFW,BASE
BAXDFY,BASE
BAXDGB,CALB
BAXDGD,BASE
BAXDGF,BASE
BAXDGG,BASE
BAXDGJ,BASE
BAXDGP,BASE
BAXDGS,BASE
BAXDGT,BASE
BAXDGV,BASE
BAXDHC,BASE
BAXDHF,BASE
BAXDHP,BASE
BAXDIF,BASE
BAXDIH,BASE
BAXDIL,BASE
BAXDIN,BASE
BAXDJU,BASE
BAXDJV,BASE
BAXDKC,BASE
BAXDKK,BASE
BAXDLA,BASE
BAXDLB,BASE
BAXDLC,BASE
BAXDLF,BASE
BAXDLL,BASE
BAXDLM,BASE
BAXDLS,BASE
BAXDLU,BASE
BAXDMA,BASE
BAXDMB,BASE
BAXDMC,BASE
BAXDME,BASE
BAXDMG,BASE
BAXDMI,BASE
BAXDML,BASE
BAXDMN,BASE
BAXDMO,BASE
BAXDMP,BASE
BAXDMS,BASE
BAXDNG,BASE
BAXDOB,BASE
BAXDOK,BASE
BAXDOM,BASE
BAXDON,BASE
BAXDOR,BASE
BAXDOS,BASE
BAXDPA,BASE
BAXDPB,BASE
BAXDPF,BASE
BAXDPH,BASE
BAXDPN,BASE
BAXDPP,BASE
BAXDPR,BASE
BAXDPS,BASE
BAXDRB,BASE
BAXDRC,BASE
BAXDRE,BASE
BAXDRH,BASE
BAXDRM,BASE
BAXDRO,BASE
BAXDRW,BASE
BAXDSA,BASE
BAXDSB,BASE
BAXDSC,BASE
BAXDSD,BASE
BAXDSE,BASE
BAXDSF,BASE
BAXDSH,BASE
BAXDSI,BASE
BAXDSJ,BASE
BAXDSM,BASE
BAXDSN,BASE
BAXDSR,BASE
BAXDST,BASE
BAXDSU,BASE
BAXDSY,BASE
BAXDTN,BASE
BAXDTP,BASE
BAXDTR,BASE
BAXDTX,BASE
BAXDUA,BASE
BAXDUD,BASE
BAXDUH,BASE
BAXDUL,BASE
BAXDUM,BASE
BAXDUP,BASE
BAXDUS,BASE
BAXDUT,BASE
BAXDVG,BASE
BAXDVU,BASE
BAXDWD,BASE
BAXDWH,BASE
BAXDWI,BASE
BAXDWR,BASE
BAXDWS,BASE
BAXDYS,BASE
BAXRBI,BASE
BAXRBS,BASE
BAXREC,BASE
BAXREM,BASE
BAXRES,BASE
BAXRFA,BASE
BAXRLV,BASE
BAXRMC,BASE
BAXROK,BASE
BAXRRU,BASE
BAXRSB,BASE
BAXRSD,BASE
BAXRSH,BASE
BAXRSM,BASE
BAXRSS,BASE
BAXRTX,BASE
BAXRUC,BASE
BAXRUD,BASE
BAXRUN,BASE
BAXRWU,BASE
BAXRWW,BASE
BAXVEV,BASE
BBGRBU,BRUN
BBGRLA,BRUN
BBGRNC,BRUN
BHBDBC,BEHN
BHGDBS,BEHN
BHGDCT,BEHN
BHGDDR,BEHN
BHGDHM,BEHN
BHGDLP,BEHN
BHGDNW,BEHN
BHGRBC,BEHN
BHGRNH,BEHN
BHGRWA,BEHN
BHXDAB,BEHN
BHXDBC,BEHN
BHXDBP,BEHN
BHXDBT,BEHN
BHXDCC,BEHN
BHXDFB,BEHN
BHXDLH,BEHN
BHXDLX,BEHN
BHXDMA,BEHN
BHXDMF,BEHN
BHXDMP,BEHN
BHXDMR,BEHN
BHXDMT,BEHN
BHXDMW,BEHN
BHXDNA,BEHN
BHXDNF,BEHN
BHXDNM,BEHN
BHXDNS,BEHN
BHXDNW,BEHN
BHXDPF,BEHN
BHXDPM,BEHN
BHXDSC,BEHN
BHXDSD,BEHN
BHXDSH,BEHN
BHXDWP,BEHN
BHXDWS,BEHN
BHXDWY,BEHN
BHXRBF,BEHN
BHXRCC,BEHN
BKBDAC,BSKT
BKBDAG,BSKT
BKBDAL,BSKT
BKBDBC,BSKT
BKBDBE,BSKT
BKBDBS,BSKT
BKBDCB,CALB
BKBDCD,BSKT
BKBDCE,BSKT
BKBDCG,BSKT
BKBDCH,BSKT
BKBDCI,BSKT
BKBDCM,BSKT
BKBDCN,BSKT
BKBDCO,BSKT
BKBDCT,BSKT
BKBDCU,BSKT
BKBDCW,BSKT
BKBDCX,BSKT
BKBDDA,BSKT
BKBDDS,BSKT
BKBDEC,BSKT
BKBDEF,BSKT
BKBDEH,BSKT
BKBDEL,BSKT
BKBDFC,BSKT
BKBDFF,BSKT
BKBDFM,BSKT
BKBDFP,BSKT
BKBDFS,BSKT
BKBDFW,BSKT
BKBDFY,BSKT
BKBDGB,BSKT
BKBDGC,BSKT
BKBDGD,BSKT
BKBDGL,BSKT
BKBDGR,BSKT
BKBDGS,BSKT
BKBDGV,BSKT
BKBDHY,BSKT
BKBDID,BSKT
BKBDIN,BSKT
BKBDJH,BSKT
BKBDKS,BSKT
BKBDLB,BSKT
BKBDLF,BSKT
BKBDLS,BSKT
BKBDLV,BSKT
BKBDMA,BSKT
BKBDMB,BSKT
BKBDMD,BSKT
BKBDMH,BSKT
BKBDMO,BSKT
BKBDMS,BSKT
BKBDNC,BSKT
BKBDNF,BSKT
BKBDOB,BSKT
BKBDOD,BSKT
BKBDOL,BSKT
BKBDON,BSKT
BKBDOR,BSKT
BKBDOW,BSKT
BKBDPH,BSKT
BKBDPO,BSKT
BKBDPP,BSKT
BKBDRH,BSKT
BKBDRP,BSKT
BKBDRU,BSKT
BKBDRW,BSKT
BKBDSA,BSKT
BKBDSC,BSKT
BKBDSE,BSKT
BKBDSH,BSKT
BKBDSJ,BSKT
BKBDSL,BSKT
BKBDST,BSKT
BKBDSU,BSKT
BKBDSV,BSKT
BKBDTH,BSKT
BKBDTN,BSKT
BKBDTV,BSKT
BKBDUP,BSKT
BKBDVH,BSKT
BKBDWA,BSKT
BKBDWC,BSKT
BKBDWW,BSKT
BKBRAC,BSKT
BKBRAM,BSKT
BKBRAU,BSKT
BKBRBC,BSKT
BKBRBU,BSKT
BKBRER,BSKT
BKBRFO,BSKT
BKBRGB,BSKT
BKBRHU,BSKT
BKBRKY,BSKT
BKBRKZ,BSKT
BKBRLV,BSKT
BKBRNC,BSKT
BKBRNJ,BSKT
BKBRNW,BSKT
BKBROD,BSKT
BKBROR,BSKT
BKBRPB,BSKT
BKBRPU,BSKT
BKBRRC,BSKT
BKBRSE,BSKT
BKBRSH,BSKT
BKBRSS,BSKT
BKBRSU,BSKT
BKBRSV,BSKT
BKBRTN,BSKT
BKBRWA,BSKT
BKBRWB,BSKT
BKBRWJ,BSKT
BKBRWU,BSKT
BKDDSB,BSKT
BKGCSP,BSKT
BKGDAU,BSKT
BKGDBS,BSKT
BKGDCB,CALB
BKGDCC,BSKT
BKGDCL,BSKT
BKGDCO,BSKT
BKGDCP,BSKT
BKGDCR,BSKT
BKGDCW,BSKT
BKGDHS,BSKT
BKGDID,BSKT
BKGDIS,BSKT
BKGDJL,BSKT
BKGDJU,BSKT
BKGDLA,BSKT
BKGDLB,BSKT
BKGDLJ,BSKT
BKGDLP,BSKT
BKGDLS,BSKT
BKGDMB,BSKT
BKGDMC,BSKT
BKGDMM,BSKT
BKGDMO,BSKT
BKGDMV,BSKT
BKGDND,BSKT
BKGDNV,BSKT
BKGDOG,BSKT
BKGDOR,BSKT
BKGDPF,BSKT
BKGDPU,BSKT
BKGDRA,BSKT
BKGDRC,BSKT
BKGDRW,BSKT
BKGDSB,BSKT
BKGDSH,BSKT
BKGDSJ,BSKT
BKGDSO,BSKT
BKGDSR,BSKT
BKGDSS,BSKT
BKGDST,BSKT
BKGDSU,BSKT
BKGDSV,BSKT
BKGDSY,BSKT
BKGDTB,BSKT
BKGDUP,BSKT
BKGDVH,BSKT
BKGDWA,BSKT
BKGRBC,BSKT
BKGRHU,BSKT
BKGRKY,BSKT
BKGRKZ,BSKT
BKGRMC,BSKT
BKGRNC,BSKT
BKGROR,BSKT
BKGRPU,BSKT
BKGRRC,BSKT
BKGRRI,BSKT
BKGRSD,BSKT
BKGRSE,BSKT
BKGRSH,BSKT
BKGRSM,BSKT
BKGRSS,BSKT
BKGRSU,BSKT
BKGRSV,BSKT
BKGRWA,BSKT
BKGRWB,BSKT
BKGRWC,BSKT
BKGRWJ,BSKT
BKXBAL,BSKT
BKXBLL,BSKT
BKXBQE,BSKT
BKXCHS,BSKT
BKXDAC,BSKT
BKXDAD,BSKT
BKXDAE,BSKT
BKXDAH,BSKT
BKXDAI,BSKT
BKXDAK,BSKT
BKXDAN,BSKT
BKXDAO,BSKT
BKXDAP,BSKT
BKXDAQ,BSKT
BKXDAV,BSKT
BKXDAW,BSKT
BKXDAX,BSKT
BKXDAZ,BSKT
BKXDBE,BSKT
BKXDBF,BSKT
BKXDBG,BSKT
BKXDBH,BSKT
BKXDBJ,BSKT
BKXDBM,BSKT
BKXDBN,BSKT
BKXDBO,BSKT
BKXDBP,BSKT
BKXDBR,BSKT
BKXDBV,BSKT
BKXDBX,BSKT
BKXDBZ,BSKT
BKXDCA,BSKT
BKXDCB,BSKT
BKXDCC,BSKT
BKXDCD,BSKT
BKXDCF,BSKT
BKXDCG,BSKT
BKXDCH,BSKT
BKXDCI,BSKT
BKXDCJ,BSKT
BKXDCK,BSKT
BKXDCL,BSKT
BKXDCM,BSKT
BKXDCN,BSKT
BKXDCO,BSKT
BKXDCP,BSKT
BKXDCR,BSKT
BKXDCT,BSKT
BKXDCU,BSKT
BKXDCW,BSKT
BKXDCY,BSKT
BKXDCZ,BSKT
BKXDDA,BSKT
BKXDDB,BSKT
BKXDDE,BSKT
BKXDDF,BSKT
BKXDDI,BSKT
BKXDDK,BSKT
BKXDDL,BSKT
BKXDDM,BSKT
BKXDDO,BSKT
BKXDDU,BSKT
BKXDDV,BSKT
BKXDDW,BSKT
BKXDDX,BSKT
BKXDEA,BSKT
BKXDEB,BSKT
BKXDEC,BSKT
BKXDEF,BSKT
BKXDEG,BSKT
BKXDEH,BSKT
BKXDEM,BSKT
BKXDEN,BSKT
BKXDER,BSKT
BKXDES,BSKT
BKXDET,BSKT
BKXDFB,BSKT
BKXDFD,BSKT
BKXDFH,BSKT
BKXDFI,BSKT
BKXDFL,BSKT
BKXDFM,BSKT
BKXDFO,BSKT
BKXDFR,BSKT
BKXDFU,BSKT
BKXDFV,BSKT
BKXDGA,BSKT
BKXDGC,BSKT
BKXDGD,BSKT
BKXDGE,BSKT
BKXDGF,BSKT
BKXDGG,BSKT
BKXDGH,BSKT
BKXDGI,BSKT
BKXDGM,BSKT
BKXDGN,BSKT
BKXDGP,BSKT
BKXDGR,BSKT
BKXDGT,BSKT
BKXDGV,BSKT
BKXDHA,BSKT
BKXDHC,BSKT
BKXDHE,BSKT
BKXDHF,BSKT
BKXDHG,BSKT
BKXDHJ,BSKT
BKXDHK,BSKT
BKXDHL,BSKT
BKXDHM,BSKT
BKXDHN,BSKT
BKXDHO,BSKT
BKXDHP,BSKT
BKXDHR,BSKT
BKXDHT,BSKT
BKXDHU,BSKT
BKXDHV,BSKT
BKXDHW,BSKT
BKXDHX,BSKT
BKXDHZ,BSKT
BKXDIC,BSKT
BKXDID,BSKT
BKXDIG,BSKT
BKXDIH,BSKT
BKXDIL,BSKT
BKXDIP,BSKT
BKXDIV,BSKT
BKXDJC,BSKT
BKXDJE,BSKT
BKXDJG,BSKT
BKXDJI,BSKT
BKXDJK,BSKT
BKXDJN,BSKT
BKXDJO,BSKT
BKXDJP,BSKT
BKXDJR,BSKT
BKXDJS,BSKT
BKXDJT,BSKT
BKXDJX,BSKT
BKXDKE,BSKT
BKXDKF,BSKT
BKXDKM,BSKT
BKXDKN,BSKT
BKXDKP,BSKT
BKXDKS,BSKT
BKXDKW,BSKT
BKXDLA,BSKT
BKXDLE,BSKT
BKXDLG,BSKT
BKXDLJ,BSKT
BKXDLM,BSKT
BKXDLS,BSKT
BKXDLT,BSKT
BKXDLU,BSKT
BKXDLW,BSKT
BKXDLX,BSKT
BKXDLY,BSKT
BKXDMA,BSKT
BKXDMB,BSKT
BKXDMD,BSKT
BKXDME,BSKT
BKXDMG,BSKT
BKXDMI,BSKT
BKXDMJ,BSKT
BKXDMN,BSKT
BKXDMO,BSKT
BKXDMP,BSKT
BKXDMR,BSKT
BKXDMS,BSKT
BKXDMU,BSKT
BKXDMW,BSKT
BKXDMX,BSKT
BKXDMZ,BSKT
BKXDNB,BSKT
BKXDND,BSKT
BKXDNG,BSKT
BKXDNH,BSKT
BKXDNN,BSKT
BKXDNO,BSKT
BKXDNP,BSKT
BKXDNR,BSKT
BKXDNT,BSKT
BKXDNU,BSKT
BKXDNW,BSKT
BKXDNZ,BSKT
BKXDOA,BSKT
BKXDOC,BSKT
BKXDOE,BSKT
BKXDOH,BSKT
BKXDOK,BSKT
BKXDOM,BSKT
BKXDOP,BSKT
BKXDOS,BSKT
BKXDOT,BSKT
BKXDOU,BSKT
BKXDOV,BSKT
BKXDOW,BSKT
BKXDPA,BSKT
BKXDPB,BSKT
BKXDPC,BSKT
BKXDPD,BSKT
BKXDPE,BSKT
BKXDPG,BSKT
BKXDPH,BSKT
BKXDPM,BSKT
BKXDPR,BSKT
BKXDPT,BSKT
BKXDPW,BSKT
BKXDPX,BSKT
BKXDPZ,BSKT
BKXDQA,BSKT
BKXDRA,BSKT
BKXDRB,BSKT
BKXDRC,BSKT
BKXDRE,BSKT
BKXDRG,BSKT
BKXDRI,BSKT
BKXDRK,BSKT
BKXDRO,BSKT
BKXDRP,BSKT
BKXDRR,BSKT
BKXDRS,BSKT
BKXDRU,BSKT
BKXDRV,BSKT
BKXDRX,BSKT
BKXDRY,BSKT
BKXDRZ,BSKT
BKXDSA,BSKT
BKXDSB,BSKT
BKXDSI,BSKT
BKXDSJ,BSKT
BKXDSK,BSKT
BKXDSO,BSKT
BKXDSS,BSKT
BKXDSU,BSKT
BKXDSV,BSKT
BKXDSW,BSKT
BKXDSX,BSKT
BKXDSZ,BSKT
BKXDTA,BSKT
BKXDTC,BSKT
BKXDTD,BSKT
BKXDTE,BSKT
BKXDTH,BSKT
BKXDTM,BSKT
BKXDTN,BSKT
BKXDTS,BSKT
BKXDTU,BSKT
BKXDTV,BSKT
BKXDTY,BSKT
BKXDUD,BSKT
BKXDUG,BSKT
BKXDUN,BSKT
BKXDUO,BSKT
BKXDUR,BSKT
BKXDUT,BSKT
BKXDUU,BSKT
BKXDUW,BSKT
BKXDVB,BSKT
BKXDVD,BSKT
BKXDVE,BSKT
BKXDVH,BSKT
BKXDVL,BSKT
BKXDVM,BSKT
BKXDVN,BSKT
BKXDVR,BSKT
BKXDVS,BSKT
BKXDVV,BSKT
BKXDVW,BSKT
BKXDWC,BSKT
BKXDWD,BSKT
BKXDWE,BSKT
BKXDWG,BSKT
BKXDWI,BSKT
BKXDWK,BSKT
BKXDWL,BSKT
BKXDWM,BSKT
BKXDWN,BSKT
BKXDWO,BSKT
BKXDWR,BSKT
BKXDWS,BSKT
BKXDWT,BSKT
BKXDWV,BSKT
BKXDWW,BSKT
BKXDWX,BSKT
BKXDXC,BSKT
BKXDXD,BSKT
BKXDXS,BSKT
BKXDYG,BSKT
BKXDZR,BSKT
BKXEHA,BSKT
BKXEHB,BSKT
BKXEHC,BSKT
BKXEHE,BSKT
BKXEHF,BSKT
BKXEHG,BSKT
BKXEHN,BSKT
BKXEHT,BSKT
BKXFSR,BSKT
BKXGTM,BSKT
BKXHAP,BSKT
BKXHDW,BSKT
BKXNBA,BSKT
BKXPBM,BSKT
BKXRBC,BSKT
BKXRBS,BSKT
BKXREC,BSKT
BKXREN,BSKT
BKXRFL,BSKT
BKXRNY,BSKT
BKXRPS,BSKT
BKXRSD,BSKT
BKXRSP,BSKT
BKXRTC,BSKT
BKXRUK,BSKT
BKXRWD,BSKT
BKXRWS,BSKT
BKXRWU,BSKT
BKXSAU,BSKT
BKXSBV,BSKT
BKXSIA,BSKT
BKXSLV,BSKT
BKXSNV,BSKT
BKXSPE,BSKT
BKXSSH,BSKT
BKXSSL,BSKT
BKXSVW,BSKT
BKXVEV,BSKT
BMXDBC,BMCC
BMXDBD,BMCC
BMXDFW,BMCC
BMXDMI,BMCC
BMXDOM,BMCC
BMXDSL,BMCC
BMXDWL,BMCC
BMXRAC,BMCC
BMXRAL,BMCC
BMXRDC,BMCC
BMXRHC,BMCC
BMXRJU,BMCC
BMXRRI,BMCC
BMXRWI,BMCC
BVXRCC,SVBB
BVXRIA,SVBB
BVXRSV,SVBB
Balance Due May 1,VOLL
CPXAET,CPNE
CPXANN,CPNE
CPXASX,CPNE
CPXDFA,CPNE
CPXEAR,CPNE
CPXEBC,CPNE
CPXECH,CPNE
CPXEDM,CPNE
CPXEES,CPNE
CPXEFF,CPNE
CPXEHA,CPNE
CPXEJC,CPNE
CPXEMP,CPNE
CPXEPH,CPNE
CPXEPP,CPNE
CPXEPS,CPNE
CPXERO,CPNE
CPXEST,CPNE
CPXSBK,CPNE
CPXSBO,CPNE
CPXSFB,CPNE
CPXSFL,CPNE
CPXSPP,CPNE
CPXSSA,CPNE
CPXSSC,CPNE
CPXSSO,CPNE
CPXSWR,CPNE
CRGDDU,CREW
CRGRSD,CREW
CRGRSP,CREW
CRGRUP,CREW
CRXRMU,CALB
CRXRSU,CALB
CRXVEV,CREW
DNXDEH,DNCE
DNXDGA,DNCE
DNXDHS,DNCE
DNXDOD,DNCE
DNXRBC,DNCE
DNXVEV,DNCE
ESNSBF,ESPT
ESNSBL,ESPT
ESNSDV,ESPT
ESNSFT,ESPT
ESNSGT,ESPT
ESNSNB,ESPT
ESNSOS,ESPT
ESNSRO,ESPT
ESNSSL,ESPT
ESNXFN,ESPT
ESNXLL,ESPT
ESNXMC,ESPT
ESNXRL,ESPT
ESNXVT,ESPT
ESUPHO,ESPT
ESXDPU,ESPT
ESXDSP,ESPT
ESXDWM,ESPT
ESXVEV,ESPT
FBNDAA,FBBL
FBNDAB,FBBL
FBNDAC,FBBL
FBNDAG,FBBL
FBNDAK,FBBL
FBNDAR,FBBL
FBNDAS,FBBL
FBNDAT,FBBL
FBNDAU,FBBL
FBNDBE,FBBL
FBNDBH,FBBL
FBNDBM,FBBL
FBNDBP,FBBL
FBNDBS,FBBL
FBNDCA,CALB
FBNDCC,FBBL
FBNDCD,FBBL
FBNDCH,FBBL
FBNDCI,FBBL
FBNDCM,FBBL
FBNDCT,FBBL
FBNDCU,FBBL
FBNDCW,FBBL
FBNDCY,FBBL
FBNDDL,FBBL
FBNDDS,FBBL
FBNDDV,FBBL
FBNDDY,FBBL
FBNDEU,FBBL
FBNDFC,FBBL
FBNDFG,FBBL
FBNDFT,FBBL
FBNDFU,FBBL
FBNDFW,FBBL
FBNDGA,FBBL
FBNDGC,FBBL
FBNDGH,FBBL
FBNDGS,FBBL
FBNDGV,FBBL
FBNDHB,FBBL
FBNDHC,FBBL
FBNDHK,FBBL
FBNDHP,FBBL
FBNDHS,FBBL
FBNDHT,FBBL
FBNDKC,FBBL
FBNDKH,FBBL
FBNDLC,FBBL
FBNDLF,FBBL
FBNDLH,FBBL
FBNDLI,FBBL
FBNDLJ,FBBL
FBNDLS,FBBL
FBNDLU,FBBL
FBNDLV,FBBL
FBNDMA,FBBL
FBNDMH,FBBL
FBNDMI,FBBL
FBNDMM,FBBL
FBNDMN,FBBL
FBNDMS,FBBL
FBNDMW,FBBL
FBNDNA,FBBL
FBNDNC,FBBL
FBNDNJ,FBBL
FBNDNY,FBBL
FBNDOC,FBBL
FBNDOD,FBBL
FBNDOH,FBBL
FBNDOM,FBBL
FBNDON,FBBL
FBNDOS,FBBL
FBNDPA,FBBL
FBNDPB,FBBL
FBNDPC,FBBL
FBNDPE,FBBL
FBNDPR,FBBL
FBNDPS,FBBL
FBNDRB,FBBL
FBNDRC,FBBL
FBNDRH,FBBL
FBNDSA,FBBL
FBNDSC,FBBL
FBNDSD,FBBL
FBNDSF,FBBL
FBNDSH,FBBL
FBNDSI,FBBL
FBNDSJ,FBBL
FBNDSK,FBBL
FBNDSL,FBBL
FBNDSM,FBBL
FBNDSR,FBBL
FBNDSS,FBBL
FBNDST,FBBL
FBNDSU,FBBL
FBNDTA,FBBL
FBNDTC,FBBL
FBNDTJ,FBBL
FBNDTN,FBBL
FBNDTR,FBBL
FBNDTU,FBBL
FBNDTW,FBBL
FBNDUO,FBBL
FBNDUS,FBBL
FBNDVB,FBBL
FBNDVH,FBBL
FBNDWB,FBBL
FBNDWC,FBBL
FBNDWF,FBBL
FBNDWM,FBBL
FBNDWO,FBBL
FBNRBS,FBBL
FBNRFA,FBBL
FBNRNH,FBBL
FBNRSV,FBBL
FBXDAL,FBBL
FBXDBC,FBBL
FBXDBS,FBBL
FBXDCA,CALB
FBXDCC,FBBL
FBXDCO,FBBL
FBXDCP,FBBL
FBXDDV,FBBL
FBXDKS,FBBL
FBXDLM,FBBL
FBXDMA,FBBL
FBXDOH,FBBL
FBXDPF,FBBL
FBXDPH,FBBL
FBXDSI,FBBL
FBXDSJ,FBBL
FBXDSR,FBBL
FBXDUM,FBBL
FBXDUS,FBBL
FBXRFL,FBBL
FBXRHB,FBBL
FBXRMA,FBBL
FBXRMV,FBBL
FBXROW,FBBL
FBXRSB,FBBL
FBXRSD,FBBL
FBXRST,FBBL
FBXRUD,FBBL
FBXRUN,FBBL
FBXRWU,FBBL
FBXVEV,FBBL
FHGDAB,FHKY
FHGDAD,FHKY
FHGDAM,FHKY
FHGDBV,FHKY
FHGDCC,FHKY
FHGDCH,FHKY
FHGDCU,FHKY
FHGDDC,FHKY
FHGDEB,FHKY
FHGDES,FHKY
FHGDFH,FHKY
FHGDFM,FHKY
FHGDFS,FHKY
FHGDGA,FHKY
FHGDGT,FHKY
FHGDHC,FHKY
FHGDHS,FHKY
FHGDLF,FHKY
FHGDLU,FHKY
FHGDLX,FHKY
FHGDMA,FHKY
FHGDMC,FHKY
FHGDMP,FHKY
FHGDMR,FHKY
FHGDMT,FHKY
FHGDNE,FHKY
FHGDNH,FHKY
FHGDPU,FHKY
FHGDRS,FHKY
FHGDRU,FHKY
FHGDSX,FHKY
FHGDTA,FHKY
FHGDUP,FHKY
FHGDVB,FHKY
FHGDVY,FHKY
FHGDWA,FHKY
FHGDWE,FHKY
FHGRCA,CALB
FHGRCC,CALB
FHGREC,FHKY
FHGREL,FHKY
FHGRLV,FHKY
FHGRMB,FHKY
FHGRMD,FHKY
FHGRMH,FHKY
FHGRMW,FHKY
FHGRSD,FHKY
FHGRSH,FHKY
FHGRSJ,FHKY
FHGRSS,FHKY
FHGRTA,FHKY
FHGRWS,FHKY
FHXVEV,FHKY
FLXDAU,FLFB
FLXDBC,FLFB
FLXDCH,FLFB
FLXDCO,FLFB
FLXDFS,FLFB
FLXDFU,FLFB
FLXDMO,FLFB
FLXDMS,FLFB
FLXDNJ,FLFB
FLXDNK,FLFB
FLXDPA,FLFB
FLXDPS,FLFB
FLXDRC,FLFB
FLXDSA,FLFB
FLXDSC,FLFB
FLXDSH,FLFB
FLXDWC,FLFB
FLXDWH,FLFB
FSGDNH,FSFB
FSXDAA,FSFB
FSXDAK,FSFB
FSXDBC,FSFB
FSXDBP,FSFB
FSXDBU,FSFB
FSXDCC,FSFB
FSXDCD,FSFB
FSXDCO,FSFB
FSXDCP,FSFB
FSXDDH,FSFB
FSXDDL,FSFB
FSXDDV,FSFB
FSXDES,FSFB
FSXDFC,FSFB
FSXDGA,FSFB
FSXDLH,FSFB
FSXDLS,FSFB
FSXDLU,FSFB
FSXDME,FSFB
FSXDMI,FSFB
FSXDMM,FSFB
FSXDNA,FBBL
FSXDNH,FSFB
FSXDNK,FSFB
FSXDPR,FSFB
FSXDRI,FSFB
FSXDSR,FSFB
FSXDTH,FSFB
FSXDUL,FSFB
FSXDWH,FSFB
FSXDWP,FSFB
FSXRLP,FSFB
FSXRNH,FBBL
FSXROH,FBBL
GOADAP,GOLF
GOADCI,GOLF
GOADDG,GOLF
GOADGL,GOLF
GOADKH,GOLF
GOADKS,GOLF
GOADLP,GOLF
GOADLR,GOLF
GOADLU,GOLF
GOADMH,GOLF
GOADOL,GOLF
GOADPM,GOLF
GOADSB,GOLF
GOADSC,GOLF
GOADSN,GOLF
GOADTZ,GOLF
GOBCBT,GOLF
GOBCCH,GOLF
GOBCNE,GOLF
GOBCPT,GOLF
GOGCBT,GOLF
GOGCCH,GOLF
GOGCGG,GOLF
GOGCNE,GOLF
GOGCPT,GOLF
GOPCAG,GOLF
GOPCAZ,GOLF
GOPCKO,GOLF
GOPCLT,GOLF
GOPCMN,GOLF
GOPCOL,GOLF
GOPCPB,GOLF
GOPCSC,GOLF
GOSCOC,SCOT
GOSCOT,SCOT
GOSGCP,GOLF
GOSGDK,GOLF
GOSGDN,GOLF
GOSGRC,GOLF
GOSTAN,STAN
GOTRCP,GOLF
GOTRDG,GOLF
GOTRKO,GOLF
GOTRLG,GOLF
GOTRMN,GOLF
GOTRMP,GOLF
GOTRPC,GOLF
GOTRPM,GOLF
GOTRPW,GOLF
GOTRWG,GOLF
GOXDAB,GOLF
GOXDAL,GOLF
GOXDAN,GOLF
GOXDAP,GOLF
GOXDAR,GOLF
GOXDAT,GOLF
GOXDAV,GOLF
GOXDBC,GOLF
GOXDBD,GOLF
GOXDBG,GOLF
GOXDBH,GOLF
GOXDBL,GOLF
GOXDBP,GOLF
GOXDBR,GOLF
GOXDBU,GOLF
GOXDCA,GOLF
GOXDCC,GOLF
GOXDCE,GOLF
GOXDCG,GOLF
GOXDCI,GOLF
GOXDCK,GOLF
GOXDCL,GOLF
GOXDCN,GOLF
GOXDCP,GOLF
GOXDCS,GOLF
GOXDCU,GOLF
GOXDCX,GOLF
GOXDDB,GOLF
GOXDDC,GOLF
GOXDDG,GOLF
GOXDDI,GOLF
GOXDDU,GOLF
GOXDDV,GOLF
GOXDEF,GOLF
GOXDEG,GOLF
GOXDEH,GOLF
GOXDEN,GOLF
GOXDEV,GOLF
GOXDFA,GOLF
GOXDFD,GOLF
GOXDFG,GOLF
GOXDFH,GOLF
GOXDFI,GOLF
GOXDFL,GOLF
GOXDFM,GOLF
GOXDFR,GOLF
GOXDFS,GOLF
GOXDGC,GOLF
GOXDGD,GOLF
GOXDGE,GOLF
GOXDGG,GOLF
GOXDGH,GOLF
GOXDGL,GOLF
GOXDGN,GOLF
GOXDGP,GOLF
GOXDGS,GOLF
GOXDGT,GOLF
GOXDHC,GOLF
GOXDHH,GOLF
GOXDHI,GOLF
GOXDHP,GOLF
GOXDHW,GOLF
GOXDIG,GOLF
GOXDIN,GOLF
GOXDKO,GOLF
GOXDKS,GOLF
GOXDKV,GOLF
GOXDLG,GOLF
GOXDLH,GOLF
GOXDLL,GOLF
GOXDLN,GOLF
GOXDLO,GOLF
GOXDLP,GOLF
GOXDLR,GOLF
GOXDLS,GOLF
GOXDLT,GOLF
GOXDLU,GOLF
GOXDMA,GOLF
GOXDMF,GOLF
GOXDMG,GOLF
GOXDMH,GOLF
GOXDML,GOLF
GOXDMM,GOLF
GOXDMO,GOLF
GOXDMR,GOLF
GOXDNA,GOLF
GOXDNG,GOLF
GOXDNJ,GOLF
GOXDNL,GOLF
GOXDNR,GOLF
GOXDNS,GOLF
GOXDNT,GOLF
GOXDNV,GOLF
GOXDNW,GOLF
GOXDOA,GOLF
GOXDOC,GOLF
GOXDOG,GOLF
GOXDOL,GOLF
GOXDOM,GOLF
GOXDON,GOLF
GOXDOR,GOLF
GOXDPD,GOLF
GOXDPE,GOLF
GOXDPG,GOLF
GOXDPH,GOLF
GOXDPI,GOLF
GOXDPJ,GOLF
GOXDPK,GOLF
GOXDPN,GOLF
GOXDPP,GOLF
GOXDPW,GOLF
GOXDRA,GOLF
GOXDRB,GOLF
GOXDRC,GOLF
GOXDRD,GOLF
GOXDRF,GOLF
GOXDRJ,GOLF
GOXDRN,GOLF
GOXDRP,GOLF
GOXDRS,GOLF
GOXDRU,GOLF
GOXDRW,GOLF
GOXDSB,GOLF
GOXDSE,GOLF
GOXDSF,GOLF
GOXDSG,GOLF
GOXDSK,GOLF
GOXDSN,GOLF
GOXDSP,GOLF
GOXDSQ,GOLF
GOXDSR,GOLF
GOXDSS,GOLF
GOXDSV,GOLF
GOXDSW,GOLF
GOXDTA,GOLF
GOXDTB,GOLF
GOXDTC,GOLF
GOXDTD,GOLF
GOXDTH,GOLF
GOXDTI,GOLF
GOXDTL,GOLF
GOXDTN,GOLF
GOXDTO,GOLF
GOXDTR,GOLF
GOXDTV,GOLF
GOXDTX,GOLF
GOXDTZ,GOLF
GOXDUC,GOLF
GOXDUT,GOLF
GOXDVA,GOLF
GOXDVG,GOLF
GOXDWG,GOLF
GOXDWH,GOLF
GOXDWR,GOLF
GOXDWW,GOLF
GOXDZL,GOLF
GOXDZW,GOLF
GOXRAG,GOLF
GOXRAZ,GOLF
GOXRBC,GOLF
GOXRBG,CALB
GOXRBS,GOLF
GOXRCL,GOLF
GOXRCP,GOLF
GOXRCT,GOLF
GOXRCU,GOLF
GOXRDB,GOLF
GOXRDK,GOLF
GOXRDN,GOLF
GOXREL,GOLF
GOXRGA,GOLF
GOXRGP,GOLF
GOXRID,GOLF
GOXRIL,GOLF
GOXRIU,GOLF
GOXRJP,GOLF
GOXRKN,GOLF
GOXRLA,GOLF
GOXRMN,GOLF
GOXRMO,GOLF
GOXRNJ,GOLF
GOXRNV,GOLF
GOXROC,GOLF
GOXROD,GOLF
GOXRPB,GOLF
GOXRPW,GOLF
GOXRSD,GOLF
GOXRSF,GOLF
GOXRSU,GOLF
GOXRTA,GOLF
GOXRVA,GOLF
GOXRWM,GOLF
GOXRWT,GOLF
GOXVEV,GOLF
GYBMCB,CALB
GYGMCB,CALB
GYXDAB,GYMN
GYXDEG,GYMN
GYXDKW,GYMN
GYXDMH,GYMN
GYXDNE,GYMN
GYXDRW,GYMN
GYXDSJ,GYMN
GYXDUA,GYMN
GYXVEV,GYMN
KDGDGO,KIDS
KDGDLF,KIDS
KDGDMA,KIDS
KDXDAC,KIDS
KDXDAM,KIDS
KDXDAP,KIDS
KDXDAS,KIDS
KDXDAV,KIDS
KDXDBA,KIDS
KDXDBG,KIDS
KDXDBL,KIDS
KDXDBP,KIDS
KDXDBS,KIDS
KDXDCC,KIDS
KDXDCH,KIDS
KDXDCP,KIDS
KDXDDC,KIDS
KDXDEP,KIDS
KDXDFE,KIDS
KDXDFF,KIDS
KDXDFR,KIDS
KDXDGH,KIDS
KDXDHA,KIDS
KDXDHC,KIDS
KDXDHF,KIDS
KDXDHS,KIDS
KDXDKC,KIDS
KDXDKE,KIDS
KDXDLE,KIDS
KDXDLN,KIDS
KDXDLO,KIDS
KDXDLS,KIDS
KDXDLV,KIDS
KDXDMA,KIDS
KDXDOB,KIDS
KDXDRA,KIDS
KDXDRI,KIDS
KDXDRM,KIDS
KDXDRS,KIDS
KDXDRV,KIDS
KDXDSA,KIDS
KDXDSB,KIDS
KDXDSC,KIDS
KDXDSD,KIDS
KDXDSM,KIDS
KDXDTX,KIDS
KDXDUD,KIDS
KDXDUP,KIDS
KDXDWE,KIDS
KDXDWF,KIDS
KDXDWG,KIDS
KDXDWM,KIDS
KDXDWO,KIDS
KDXDWP,KIDS
KDXDWS,KIDS
KDXPAV,KIDS
KDXPPV,KIDS
KDXPRE,KIDS
KDXPRP,KIDS
KDXPWG,KIDS
KDXVEV,KIDS
KDXWBL,KIDS
KDXWHA,KIDS
KDXWLN,KIDS
KDXWRA,KIDS
KDXWRI,KIDS
KDXWSA,KIDS
KDXWWI,KIDS
KECBBC,KECS
KECPAA,NPCA
LGBDRC,LGSH
LGBDRO,LGSH
LGBDVA,LGSH
LGBRCA,LGSH
LGBRCO,LGSH
LGBRFL,LGSH
LGBRGA,LGSH
LGBRMA,LGSH
LGBRMD,LGSH
LGBRNY,LGSH
LGBROH,LGSH
LGBROR,LGSH
LGBRPA,LGSH
LGBRPT,LGSH
LGBRVA,LGSH
LGBRWI,LGSH
LGGDRO,LGSH
LGGDVA,LGSH
LGGRCA,LGSH
LGGRCO,LGSH
LGGRFL,LGSH
LGGRGA,LGSH
LGGRMA,LGSH
LGGRMD,LGSH
LGGRNY,LGSH
LGGROH,LGSH
LGGROR,LGSH
LGGRPA,LGSH
LGGRPT,LGSH
LGGRVA,LGSH
LGGRWI,LGSH
LXBAGC,LXCR
LXBDAZ,LXCR
LXBDCP,LXCR
LXBDFS,LXCR
LXBDFU,LXCR
LXBDGC,LXCR
LXBDGM,LXCR
LXBDGT,LXCR
LXBDHF,LXCR
LXBDHP,LXCR
LXBDJW,LXCR
LXBDKC,LXCR
LXBDLB,LXCR
LXBDLI,LXCR
LXBDLS,LXCR
LXBDMI,LXCR
LXBDMP,LXCR
LXBDMV,LXCR
LXBDNE,LXCR
LXBDNJ,LXCR
LXBDNV,LXCR
LXBDOR,LXCR
LXBDPU,LXCR
LXBDRV,LXCR
LXBDSB,LXCR
LXBDSC,LXCR
LXBDSF,LXCR
LXBDSH,LXCR
LXBDSL,LXCR
LXBDSU,LXCR
LXBDSV,LXCR
LXBDTA,LXCR
LXBDTS,LXCR
LXBDVN,LXCR
LXBDVW,LXCR
LXBDWS,LXCR
LXBGLE,LXCR
LXBPMC,LXCR
LXBPMQ,LXCR
LXBRAC,LXCR
LXBRBC,LXCR
LXBRBS,LXCR
LXBRCA,CALB
LXBRCO,LXCR
LXBRCS,LXCR
LXBRCU,LXCR
LXBRFA,LXCR
LXBRFM,LXCR
LXBRHU,LXCR
LXBRLM,LXCR
LXBRMC,LXCR
LXBRMD,LXCR
LXBRMH,LXCR
LXBRMM,LXCR
LXBRMQ,LXCR
LXBRMT,LXCR
LXBRNJ,LXCR
LXBROD,LXCR
LXBROH,LXCR
LXBROK,LXCR
LXBRPA,LXCR
LXBRPB,LXCR
LXBRRC,LXCR
LXBRRU,LXCR
LXBRSB,LXCR
LXBRSC,LXCR
LXBRSD,LXCR
LXBRSP,LXCR
LXBRSU,LXCR
LXBRUU,LXCR
LXBRVA,LXCR
LXBRVT,LXCR
LXBRWC,LXCR
LXBRWN,LXCR
LXBSLO,LXCR
LXBWCP,LXCR
LXBWJU,LXCR
LXBWOR,LXCR
LXBWSD,LXCR
LXCWCA,CALB
LXCWCB,CALB
LXFLLV,LXCR
LXFOPA,LXCR
LXFOSD,LXCR
LXGAGC,LXCR
LXGDAU,LXCR
LXGDBA,LXCR
LXGDBH,LXCR
LXGDBS,LXCR
LXGDCB,CALB
LXGDCC,LXCR
LXGDDI,LXCR
LXGDFH,LXCR
LXGDFS,LXCR
LXGDGC,LXCR
LXGDHF,LXCR
LXGDHU,LXCR
LXGDLB,LXCR
LXGDLI,LXCR
LXGDLS,LXCR
LXGDLX,LXCR
LXGDMA,LXCR
LXGDMD,LXCR
LXGDMK,LXCR
LXGDMV,LXCR
LXGDMW,LXCR
LXGDNH,LXCR
LXGDOH,LXCR
LXGDOR,LXCR
LXGDPA,LXCR
LXGDPC,LXCR
LXGDPU,LXCR
LXGDRV,LXCR
LXGDSB,LXCR
LXGDSC,LXCR
LXGDSF,LXCR
LXGDSL,LXCR
LXGDSR,LXCR
LXGDSV,LXCR
LXGDTS,LXCR
LXGDTT,LXCR
LXGDWC,LXCR
LXGDWU,LXCR
LXGGLE,LXCR
LXGPHU,LXCR
LXGRAC,LXCR
LXGRAU,LXCR
LXGRBC,LXCR
LXGRBS,LXCR
LXGRCB,CALB
LXGRCS,LXCR
LXGRCU,LXCR
LXGRDS,LXCR
LXGRDU,LXCR
LXGRFA,LXCR
LXGRFM,LXCR
LXGRLM,LXCR
LXGRLV,LXCR
LXGRMD,LXCR
LXGRMK,LXCR
LXGRMO,LXCR
LXGRMW,LXCR
LXGROD,LXCR
LXGRPB,LXCR
LXGRRL,LXCR
LXGRRU,LXCR
LXGRSB,LXCR
LXGRSC,LXCR
LXGRSD,LXCR
LXGRSH,LXCR
LXGRSS,LXCR
LXGRUF,LXCR
LXGRWN,LXCR
LXGWMV,LXCR
LXGWSD,LXCR
LXXVEV,LXCR
NBBVWA,NBCC
NBCIBM,NBCC
NBCIBP,NBCC
NBCIVL,NBCC
NBCIVP,NBCC
NBCLID,NBCC
NBCLMT,NBCC
NBCLOR,NBCC
NBCLWA,NBCC
NBCMBB,NBCC
NBCMBM,NBCC
NBCOBL,NBCC
NBCOBS,NBCC
NBCOLG,NBCC
NBCOPL,NBCC
NBCOVS,NBCC
NBCWBA,NBCC
NBCWBB,NBCC
NBCWBC,NBCC
NBCWBCH,NBCC
NBCWBCV,NBCC
NBCWBE,NBCC
NBCWBF,NBCC
NBCWBK,NBCC
NBCWBN,NBCC
NBCWBO,NBCC
NBCWBP,NBCC
NBCWBR,NBCC
NBCWBS,NBCC
NBCWBSTW,NBCC
NBCWBT,NBCC
NBCWBV,NBCC
NBCWBW,NBCC
NBCWBWN,NBCC
NBCWBX,NBCC
NBCWBY,NBCC
NBCWVC,NBCC
NBCWVE,NBCC
NBCWVK,NBCC
NBCWVL,NBCC
NBCWVN,NBCC
NBCWVP,NBCC
NBCWVS,NBCC
NBCWVT,NBCC
NBCWVTC,NBCC
NBCWVW,NBCC
NBCWVY,NBCC
NBLXWH,NBCC
NBMSGC,NBCC
NBMTRC,NBCC
NBTBGE,NBCC
NBTBIT,NBCC
NBTBSP,NBCC
NBTBUK,NBCC
NBTCHB,NBCC
NBTCPF,NBCC
NBTRUK,NBCC
NBTVIT,NBCC
NBTVUK,NBCC
NBVAEU,NBCC
NBVAFF,NBCC
NBVATW,NBCC
NBVBAA,NBCC
NBVBAP,NBCC
NBVBCC,NBCC
NBVBCS,NBCC
NBVBFL,NBCC
NBVBGC,NBCC
NBVBGF,NBCC
NBVBLF,NBCC
NBVBMI,NBCC
NBVBPS,NBCC
NBVBPU,NBCC
NBVBRM,NBCC
NBVBSO,NBCC
NBVBUN,NBCC
NBVBWH,NBCC
NBVCID,NBCC
NBVCWA,NBCC
NBVDAK,NBCC
NBVDBM,NBCC
NBVDFL,NBCC
NBVDHF,NBCC
NBVDHI,NBCC
NBVDHM,NBCC
NBVDKL,NBCC
NBVDKP,NBCC
NBVDKT,NBCC
NBVDLA,NBCC
NBVDLP,NBCC
NBVDMR,NBCC
NBVDNW,NBCC
NBVDOY,NBCC
NBVDPF,NBCC
NBVDPM,NBCC
NBVDPS,NBCC
NBVDRI,NBCC
NBVDSI,NBCC
NBVDSJ,NBCC
NBVDSY,NBCC
NBVDTC,NBCC
NBVDVC,NBCC
NBVDWN,NBCC
NBVDWW,NBCC
NBXDAK,NBCC
NBXDAN,NBCC
NBXDAS,NBCC
NBXDBM,NBCC
NBXDBN,NBCC
NBXDBP,NBCC
NBXDBT,NBCC
NBXDCC,NBCC
NBXDCH,NBCC
NBXDCV,NBCC
NBXDEN,NBCC
NBXDEO,NBCC
NBXDEP,NBCC
NBXDFA,NBCC
NBXDFB,NBCC
NBXDFC,NBCC
NBXDFP,NBCC
NBXDFT,NBCC
NBXDGP,NBCC
NBXDHB,NBCC
NBXDHE,NBCC
NBXDHI,NBCC
NBXDIL,NBCC
NBXDKL,NBCC
NBXDKP,NBCC
NBXDLA,NBCC
NBXDLF,NBCC
NBXDLP,NBCC
NBXDLY,NBCC
NBXDMB,NBCC
NBXDMC,NBCC
NBXDMN,NBCC
NBXDMO,NBCC
NBXDNB,NBCC
NBXDNV,NBCC
NBXDNW,NBCC
NBXDOY,NBCC
NBXDPC,NBCC
NBXDPF,NBCC
NBXDPL,NBCC
NBXDPO,NBCC
NBXDPS,NBCC
NBXDRG,NBCC
NBXDRM,NBCC
NBXDSI,NBCC
NBXDSP,NBCC
NBXDTU,NBCC
NBXDTW,NBCC
NBXDVC,NBCC
NBXDWA,NBCC
NBXDWN,NBCC
NBXDWW,NBCC
NBXRAA,NBCC
NBXRAP,NBCC
NBXRCC,NBCC
NBXRCI,NBCC
NBXRCS,NBCC
NBXRCU,NBCC
NBXREO,NBCC
NBXRFC,NBCC
NBXRFL,NBCC
NBXRFS,NBCC
NBXRFT,NBCC
NBXRGC,NBCC
NBXRGF,NBCC
NBXRIT,NBCC
NBXRJK,NBCC
NBXRME,NBCC
NBXRNC,NBCC
NBXRNI,NBCC
NBXRNN,NBCC
NBXROK,NBCC
NBXRPU,NBCC
NBXRRM,NBCC
NBXRSI,NBCC
NBXRSO,NBCC
NBXRSW,NBCC
NBXRTH,NBCC
NBXRUK,NBCC
NBXRUM,NBCC
NBXRUN,NBCC
NBXRWH,NBCC
NIKEBA,NIKEA
NIKEBA24,NIKEA
NIKEBB25,NIKEA
NIKEBK,NIKEA
NIKEFB,NIKEA
NIKEFB24,NIKEA
NIKEFB25,NIKEA
NIKEGO,NIKEA
NIKEN725,NIKEA
NIKESO,NIKEA
NIKESO24,NIKEA
NOCAMP,USGC
NPCAAA,NPCA
PBADAC,PKBL
PBADAL,PKBL
PBADBA,PKBL
PBADBB,PKBL
PBADBH,PKBL
PBADBP,PKBL
PBADBT,PKBL
PBADBW,PKBL
PBADBZ,PKBL
PBADCA,PKBL
PBADCH,PKBL
PBADCM,PKBL
PBADCP,PKBL
PBADCR,PKBL
PBADCS,PKBL
PBADCT,PKBL
PBADCV,PKBL
PBADDC,PKBL
PBADDD,PKBL
PBADDE,PKBL
PBADDF,PKBL
PBADDJ,PKBL
PBADDM,PKBL
PBADDR,PKBL
PBADEH,PKBL
PBADER,PKBL
PBADFA,PKBL
PBADFB,PKBL
PBADFC,PKBL
PBADFG,PKBL
PBADFM,PKBL
PBADGB,PKBL
PBADGL,PKBL
PBADGP,PKBL
PBADGR,PKBL
PBADGV,PKBL
PBADHC,PKBL
PBADHV,PKBL
PBADIH,PKBL
PBADIP,PKBL
PBADJP,PKBL
PBADKC,PKBL
PBADKK,PKBL
PBADLM,PKBL
PBADLP,PKBL
PBADLQ,PKBL
PBADLT,PKBL
PBADLV,PKBL
PBADMA,PKBL
PBADMB,PKBL
PBADMC,PKBL
PBADMP,PKBL
PBADMT,PKBL
PBADMV,PKBL
PBADNA,PKBL
PBADNC,PKBL
PBADNE,PKBL
PBADNT,PKBL
PBADNV,PKBL
PBADOC,PKBL
PBADOE,PKBL
PBADON,PKBL
PBADOV,PKBL
PBADPA,PKBL
PBADPB,PKBL
PBADPC,PKBL
PBADPD,PKBL
PBADPE,PKBL
PBADPF,PKBL
PBADPG,PKBL
PBADPH,PKBL
PBADPJ,PKBL
PBADPK,PKBL
PBADPL,PKBL
PBADPM,PKBL
PBADPN,PKBL
PBADPO,PKBL
PBADPP,PKBL
PBADPR,PKBL
PBADPS,PKBL
PBADPT,PKBL
PBADPU,PKBL
PBADPV,PKBL
PBADPW,PKBL
PBADRB,PKBL
PBADRC,PKBL
PBADRG,PKBL
PBADRH,PKBL
PBADRI,PKBL
PBADRS,PKBL
PBADRT,PKBL
PBADRV,PKBL
PBADRW,PKBL
PBADSA,PKBL
PBADSB,PKBL
PBADSH,PKBL
PBADSI,PKBL
PBADSL,PKBL
PBADSM,PKBL
PBADSP,PKBL
PBADSR,PKBL
PBADST,PKBL
PBADSU,PKBL
PBADSV,PKBL
PBADTA,PKBL
PBADTH,PKBL
PBADTP,PKBL
PBADTS,PKBL
PBADTW,PKBL
PBADUC,PKBL
PBADUP,PKBL
PBADVP,PKBL
PBADWB,PKBL
PBADWD,PKBL
PBADWF,PKBL
PBADWI,PKBL
PBADWM,PKBL
PBADWR,PKBL
PBADWS,PKBL
PBADWT,PKBL
PBADWY,PKBL
PBARMB,PKBL
PBXDBN,PKBL
PBXDCV,PKBL
PBXDDE,PKBL
PBXDER,PKBL
PBXDNG,PKBL
PBXDON,PKBL
PBXDPB,PKBL
PBXDPC,PKBL
PBXDPE,PKBL
PBXDPG,PKBL
PBXDPK,PKBL
PBXDPU,PKBL
PBXDRS,PKBL
PBXDSA,PKBL
PBXDTH,PKBL
PBXDUC,PKBL
PBXDWE,PKBL
PBXRMB,PKBL
PBXVEV,PKBL
PCXOST,NPCB
PPCLNC,PPSC
PPFLCC,PPSC
PPFLFL,PPSC
PPFLIL,PPSC
PPFLLA,PPSC
PPFLLI,PPSC
PPFLMA,PPSC
PPFLMK,PPSC
PPFLMP,PPSC
PPFLMT,PPSC
PPFLNC,PPSC
PPFLNT,PPSC
PPFLNY,PPSC
PPFLSD,PPSC
PPFLWA,PPSC
PPFLWC,PPSC
PPSPCC,PPSC
PPSPCS,PPSC
PPSPFL,PPSC
PPSPIL,PPSC
PPSPLA,PPSC
PPSPMA,PPSC
PPSPMT,PPSC
PPSPNC,PPSC
PPSPNY,PPSC
PPSPSB,PPSC
PPSPSD,PPSC
PPSPTC,PPSC
PPSPWC,PPSC
PPXDBB,PPSC
PPXDBW,PPSC
PPXDFL,PPSC
PPXDMA,PPSC
PPXDMH,PPSC
PPXDMK,PPSC
PPXDMP,PPSC
PPXDMS,PPSC
PPXDNS,PPSC
PPXDNT,PPSC
PPXDNY,PPSC
PPXDSA,PPSC
PPXDSC,PPSC
PPXDWC,PPSC
PPXRCH,PPSC
PPXRDB,PPSC
PPXRFL,PPSC
PPXRFN,PPSC
PPXRFO,PPSC
PPXRFP,PPSC
PPXRFW,PPSC
PPXRIL,PPSC
PPXRNS,PPSC
PPXRNY,PPSC
PPXRSB,PPSC
PPXRSD,PPSC
PPXRTO,PPSC
PPXRWA,PPSC
PPXWIL,PPSC
PPXWLI,PPSC
PPXWMT,PPSC
PPXWNY,PPSC
PPXWSD,PPSC
PPXWWA,PPSC
PSBAFC,PSCS
PSBKCC,PSCS
PWLP,PWLP
RGXDAB,RGBY
RGXDHT,MLR
RGXDLA,MLR
RGXDSD,MLR
RGXRCA,CALB
RGXVEV,RGBY
RNBDAB,RUNN
RNBDMN,RUNN
RNCDAB,RUNN
RNCDAF,RUNN
RNCDCT,RUNN
RNCDDE,RUNN
RNCDDF,RUNN
RNCRGS,RUNN
RNCRSB,RUNN
RNCRTT,RUNN
RNDCT,RUNN
RNDIEV,RUNN
RNGDAB,RUNN
RNGDMN,RUNN
RNGRMC,RUNN
RNXDAA,RUNN
RNXDAB,RUNN
RNXDAF,RUNN
RNXDAH,RUNN
RNXDAS,RUNN
RNXDAX,RUNN
RNXDBH,RUNN
RNXDBM,RUNN
RNXDBR,RUNN
RNXDBT,RUNN
RNXDCA,CALB
RNXDCC,RUNN
RNXDCD,CALB
RNXDCH,RUNN
RNXDCJ,CALB
RNXDCO,RUNN
RNXDCP,CALB
RNXDCR,RUNN
RNXDCT,RUNN
RNXDCU,RUNN
RNXDCV,CALB
RNXDCW,RUNN
RNXDCY,RUNN
RNXDDC,RUNN
RNXDDD,RUNN
RNXDDE,RUNN
RNXDDF,RUNN
RNXDDH,RUNN
RNXDDM,RUNN
RNXDDS,RUNN
RNXDEL,RUNN
RNXDFP,RUNN
RNXDGA,RUNN
RNXDGD,RUNN
RNXDGP,RUNN
RNXDGS,RUNN
RNXDHC,RUNN
RNXDHI,RUNN
RNXDHN,RUNN
RNXDHS,RUNN
RNXDIC,RUNN
RNXDJD,RUNN
RNXDJM,RUNN
RNXDJW,RUNN
RNXDKC,RUNN
RNXDKD,RUNN
RNXDLC,RUNN
RNXDLH,RUNN
RNXDLM,RUNN
RNXDLV,RUNN
RNXDLX,RUNN
RNXDMA,RUNN
RNXDMC,RUNN
RNXDMH,RUNN
RNXDMM,RUNN
RNXDMO,RUNN
RNXDMP,RUNN
RNXDMT,RUNN
RNXDMU,RUNN
RNXDMX,RUNN
RNXDNH,RUNN
RNXDOC,RUNN
RNXDPT,RUNN
RNXDSB,RUNN
RNXDSC,RUNN
RNXDSE,RUNN
RNXDSH,RUNN
RNXDSJ,RUNN
RNXDSL,RUNN
RNXDSM,RUNN
RNXDSP,RUNN
RNXDSS,RUNN
RNXDST,RUNN
RNXDTA,RUNN
RNXDTG,RUNN
RNXDTT,RUNN
RNXDTX,RUNN
RNXDUA,RUNN
RNXDUH,RUNN
RNXDVS,RUNN
RNXDWH,RUNN
RNXDWL,RUNN
RNXDWS,RUNN
RNXDXM,RUNN
RNXDZT,RUNN
RNXERP,RUNN
RNXPER,RUNN
RNXPRE,RUNN
RNXRAU,RUNN
RNXRAZ,RUNN
RNXRBR,RUNN
RNXRBU,RUNN
RNXRBW,RUNN
RNXRCG,RUNN
RNXRCJ,RUNN
RNXRCO,RUNN
RNXRCP,RUNN
RNXRDE,RUNN
RNXRDR,RUNN
RNXRDU,RUNN
RNXREC,RUNN
RNXREH,RUNN
RNXRET,RUNN
RNXRFL,RUNN
RNXRFS,RUNN
RNXRGF,RUNN
RNXRGM,RUNN
RNXRHC,RUNN
RNXRJM,RUNN
RNXRLC,RUNN
RNXRLU,RUNN
RNXRMU,RUNN
RNXRNA,RUNN
RNXRNC,RUNN
RNXROB,RUNN
RNXRPD,RUNN
RNXRPS,RUNN
RNXRPX,RUNN
RNXRRC,RUNN
RNXRRH,RUNN
RNXRRT,RUNN
RNXRSB,RUNN
RNXRSD,RUNN
RNXRSE,RUNN
RNXRSH,RUNN
RNXRSJ,RUNN
RNXRSK,RUNN
RNXRSL,RUNN
RNXRSM,RUNN
RNXRSN,RUNN
RNXRST,RUNN
RNXRSU,RUNN
RNXRTC,RUNN
RNXRUC,RUNN
RNXRUD,RUNN
RNXRUO,RUNN
RNXRWI,RUNN
RNXRWU,RUNN
RNXVEV,RUNN
SBGDAC,SBAL
SBGDAL,SBAL
SBGDAP,SBAL
SBGDAS,SBAL
SBGDAU,SBAL
SBGDAV,SBAL
SBGDBH,SBAL
SBGDBN,SBAL
SBGDBS,SBAL
SBGDBU,SBAL
SBGDCA,CALB
SBGDCC,SBAL
SBGDCH,SBAL
SBGDCL,SBAL
SBGDCP,SBAL
SBGDCS,SBAL
SBGDCU,SBAL
SBGDCV,SBAL
SBGDDE,SBAL
SBGDDS,SBAL
SBGDDY,SBAL
SBGDEA,SBAL
SBGDEF,SBAL
SBGDEL,SBAL
SBGDEU,SBAL
SBGDFF,SBAL
SBGDFR,SBAL
SBGDFU,SBAL
SBGDGB,CALB
SBGDGH,SBAL
SBGDGT,SBAL
SBGDGV,SBAL
SBGDHC,SBAL
SBGDHK,SBAL
SBGDHR,SBAL
SBGDHS,SBAL
SBGDID,SBAL
SBGDIN,SBAL
SBGDIU,SBAL
SBGDIW,SBAL
SBGDJC,SBAL
SBGDKS,SBAL
SBGDKY,SBAL
SBGDLA,SBAL
SBGDLB,CALB
SBGDLC,SBAL
SBGDLF,SBAL
SBGDLM,SBAL
SBGDLS,SBAL
SBGDLT,SBAL
SBGDLU,SBAL
SBGDMA,SBAL
SBGDMC,SBAL
SBGDME,SBAL
SBGDMG,SBAL
SBGDMH,SBAL
SBGDMP,SBAL
SBGDMR,SBAL
SBGDMS,SBAL
SBGDMW,SBAL
SBGDMX,SBAL
SBGDNE,SBAL
SBGDNH,SBAL
SBGDNJ,SBAL
SBGDNP,SBAL
SBGDNS,SBAL
SBGDOH,SBAL
SBGDOR,SBAL
SBGDPS,SBAL
SBGDPU,SBAL
SBGDRB,SBAL
SBGDRC,SBAL
SBGDRE,SBAL
SBGDRU,SBAL
SBGDSA,SBAL
SBGDSB,SBAL
SBGDSC,SBAL
SBGDSD,SBAL
SBGDSF,SBAL
SBGDSM,SBAL
SBGDSN,SBAL
SBGDSP,SBAL
SBGDSR,SBAL
SBGDSS,SBAL
SBGDSY,SBAL
SBGDTA,SBAL
SBGDTT,SBAL
SBGDUC,SBAL
SBGDUL,SBAL
SBGDVA,SBAL
SBGDVC,SBAL
SBGDVU,SBAL
SBGDWA,SBAL
SBGDWC,SBAL
SBGDWF,SBAL
SBGDWM,SBAL
SBGDWU,SBAL
SBGDWV,CALB
SBGRAC,SBAL
SBGRBC,SBAL
SBGRBS,SBAL
SBGRCC,SBAL
SBGRCL,SBAL
SBGRDE,SBAL
SBGRDL,SBAL
SBGREM,SBAL
SBGRFA,SBAL
SBGRFU,SBAL
SBGRGA,SBAL
SBGRJC,SBAL
SBGRLV,SBAL
SBGRMA,SBAL
SBGRMT,SBAL
SBGRNC,SBAL
SBGRNR,SBAL
SBGROL,SBAL
SBGROU,SBAL
SBGRPB,SBAL
SBGRPG,SBAL
SBGRSB,SBAL
SBGRSC,SBAL
SBGRSD,SBAL
SBGRSF,SBAL
SBGRSS,SBAL
SBGRSU,SBAL
SBGRUC,SBAL
SBGRUD,SBAL
SBGRUN,SBAL
SBGRWU,SBAL
SBGRWW,SBAL
SBGRYC,SBAL
SBXVEV,SBAL
SIXACC,SISF
SIXACD,SISF
SIXAEL,SISF
SIXAEM,SISF
SIXAMD,SISF
SIXAMM,SISF
SIXANN,SISF
SIXASE,SISF
SIXASX,SISF
SIXATN,SISF
SIXATW,SISF
SIXCAD,SISF
SIXCAR,SISF
SIXCCB,SISF
SIXCCH,SISF
SIXCCK,SISF
SIXCCS,SISF
SIXCEX,SISF
SIXCFA,SISF
SIXCFP,SISF
SIXCFS,SISF
SIXCMB,SISF
SIXCMD,SISF
SIXCMP,SISF
SIXCMT,SISF
SIXCRB,SISF
SIXCTA,SISF
SIXCTH,SISF
SIXCTS,SISF
SIXCWD,SISF
SIXCYE,SISF
SIXEIP,SISF
SIXSBB,SISF
SIXSCR,SISF
SIXSFB,SISF
SIXSFF,SISF
SIXSFH,SISF
SIXSMS,SISF
SIXSRC,SISF
SIXSRG,SISF
SIXSTK,SISF
SIXSTN,SISF
SIXSVB,SISF
SIXSWP,SISF
SIXWBA,SISF
SIXWFB,SISF
SIXWFF,SISF
SIXWMB,SISF
SIXWVO,SISF
SIXWWB,SISF
SOBDCA,CALB
SOBDCB,SOCC
SOBDCL,SOCC
SOBDFF,SOCC
SOBDFL,SOCC
SOBDFU,SOCC
SOBDGR,SOCC
SOBDHO,SOCC
SOBDKZ,SOCC
SOBDLB,SOCC
SOBDLF,SOCC
SOBDLI,SOCC
SOBDLO,SOCC
SOBDLV,SOCC
SOBDMO,SOCC
SOBDNO,SOCC
SOBDOC,SOCC
SOBDOR,SOCC
SOBDPB,SOCC
SOBDSD,SOCC
SOBDSJ,SOCC
SOBDST,SOCC
SOBDSV,SOCC
SOBDSW,SOCC
SOBDUA,SOCC
SOBDUP,SOCC
SOBDWA,SOCC
SOBIMV,SOCC
SOBRBC,SOCC
SOBRCA,CALB
SOBRCH,SOCC
SOBRMT,SOCC
SOBRSD,SOCC
SOBRSE,SOCC
SOBRSH,SOCC
SOBRUK,SOCC
SOBRVT,SOCC
SOBRWA,SOCC
SOCDBM,SOCC
SOCDCV,SOCC
SOCDDE,SOCC
SOCDDM,SOCC
SOCDDS,SOCC
SOCDMD,SOCC
SOCDMV,SOCC
SOCDRI,SOCC
SOCDRN,SOCC
SOCDSE,SOCC
SOCDSJ,SOCC
SOCDSP,SOCC
SOCDTR,SOCC
SOCDWV,SOCC
SOCDWW,SOCC
SOGDAU,SOCC
SOGDBH,SOCC
SOGDCA,CALB
SOGDCL,SOCC
SOGDCS,SOCC
SOGDDT,SOCC
SOGDDV,SOCC
SOGDEK,SOCC
SOGDEL,SOCC
SOGDEM,SOCC
SOGDES,SOCC
SOGDFF,SOCC
SOGDFL,SOCC
SOGDFS,SOCC
SOGDFU,SOCC
SOGDHO,SOCC
SOGDHU,SOCC
SOGDIU,SOCC
SOGDKC,SOCC
SOGDKZ,SOCC
SOGDLI,SOCC
SOGDLO,SOCC
SOGDLV,SOCC
SOGDME,SOCC
SOGDMO,SOCC
SOGDNO,SOCC
SOGDNV,SOCC
SOGDOR,SOCC
SOGDOW,SOCC
SOGDSV,SOCC
SOGDSW,SOCC
SOGDUP,SOCC
SOGICM,SOCC
SOGIFF,SOCC
SOGIOC,SOCC
SOGISD,SOCC
SOGREC,SOCC
SOGRMD,SOCC
SOGRMT,SOCC
SOGRMW,SOCC
SOGRNI,SOCC
SOGROH,SOCC
SOGROS,SOCC
SOGRSD,SOCC
SOGRSH,SOCC
SOGRSU,SOCC
SOGRWU,SOCC
SOXDAA,SOCC
SOXDAB,SOCC
SOXDAC,SOCC
SOXDAD,SOCC
SOXDAE,SOCC
SOXDAG,SOCC
SOXDAH,SOCC
SOXDAI,SOCC
SOXDAL,SOCC
SOXDAM,SOCC
SOXDAN,SOCC
SOXDAO,SOCC
SOXDAP,SOCC
SOXDAQ,SOCC
SOXDAR,SOCC
SOXDAS,SOCC
SOXDAT,SOCC
SOXDAU,SOCC
SOXDAV,SOCC
SOXDAX,SOCC
SOXDAY,SOCC
SOXDBB,SOCC
SOXDBC,SOCC
SOXDBD,SOCC
SOXDBE,SOCC
SOXDBF,SOCC
SOXDBG,SOCC
SOXDBH,SOCC
SOXDBI,SOCC
SOXDBK,SOCC
SOXDBL,SOCC
SOXDBM,SOCC
SOXDBN,SOCC
SOXDBO,SOCC
SOXDBR,SOCC
SOXDBS,SOCC
SOXDBT,SOCC
SOXDBU,SOCC
SOXDBV,SOCC
SOXDBW,SOCC
SOXDBY,SOCC
SOXDCA,SOCC
SOXDCB,SOCC
SOXDCC,SOCC
SOXDCD,SOCC
SOXDCE,SOCC
SOXDCF,SOCC
SOXDCG,SOCC
SOXDCH,SOCC
SOXDCI,SOCC
SOXDCL,SOCC
SOXDCM,SOCC
SOXDCN,SOCC
SOXDCO,SOCC
SOXDCP,SOCC
SOXDCR,SOCC
SOXDCS,SOCC
SOXDCT,SOCC
SOXDCU,SOCC
SOXDCV,SOCC
SOXDCW,SOCC
SOXDCX,SOCC
SOXDDA,SOCC
SOXDDB,SOCC
SOXDDD,SOCC
SOXDDE,SOCC
SOXDDF,SOCC
SOXDDH,SOCC
SOXDDM,SOCC
SOXDDO,SOCC
SOXDDP,SOCC
SOXDDS,SOCC
SOXDDU,SOCC
SOXDDV,SOCC
SOXDEA,SOCC
SOXDEC,SOCC
SOXDEE,SOCC
SOXDEF,SOCC
SOXDEG,SOCC
SOXDEH,SOCC
SOXDEJ,SOCC
SOXDEK,SOCC
SOXDEL,SOCC
SOXDEN,SOCC
SOXDEO,SOCC
SOXDEP,SOCC
SOXDER,SOCC
SOXDES,SOCC
SOXDEU,SOCC
SOXDEV,SOCC
SOXDEX,SOCC
SOXDFA,SOCC
SOXDFB,SOCC
SOXDFD,SOCC
SOXDFE,SOCC
SOXDFF,SOCC
SOXDFG,SOCC
SOXDFH,SOCC
SOXDFI,SOCC
SOXDFK,SOCC
SOXDFL,SOCC
SOXDFM,SOCC
SOXDFO,SOCC
SOXDFP,SOCC
SOXDFR,SOCC
SOXDFS,SOCC
SOXDFT,SOCC
SOXDFU,SOCC
SOXDFW,SOCC
SOXDFX,SOCC
SOXDFY,SOCC
SOXDGA,SOCC
SOXDGB,SOCC
SOXDGC,SOCC
SOXDGD,SOCC
SOXDGE,SOCC
SOXDGF,SOCC
SOXDGG,SOCC
SOXDGH,SOCC
SOXDGI,SOCC
SOXDGL,SOCC
SOXDGM,SOCC
SOXDGN,SOCC
SOXDGO,SOCC
SOXDGP,SOCC
SOXDGR,SOCC
SOXDGS,SOCC
SOXDGU,SOCC
SOXDGV,SOCC
SOXDGW,SOCC
SOXDGX,SOCC
SOXDGZ,SOCC
SOXDHA,SOCC
SOXDHB,SOCC
SOXDHC,SOCC
SOXDHD,SOCC
SOXDHE,SOCC
SOXDHF,SOCC
SOXDHG,SOCC
SOXDHH,SOCC
SOXDHI,SOCC
SOXDHK,SOCC
SOXDHL,SOCC
SOXDHO,SOCC
SOXDHP,SOCC
SOXDHR,SOCC
SOXDHS,SOCC
SOXDHT,SOCC
SOXDHU,SOCC
SOXDHV,SOCC
SOXDIC,SOCC
SOXDIH,SOCC
SOXDIM,SOCC
SOXDIN,SOCC
SOXDIP,SOCC
SOXDIQ,SOCC
SOXDIS,SOCC
SOXDIU,SOCC
SOXDIV,SOCC
SOXDJF,SOCC
SOXDJH,SOCC
SOXDJJ,SOCC
SOXDJK,SOCC
SOXDJM,SOCC
SOXDJR,SOCC
SOXDJX,SOCC
SOXDKB,SOCC
SOXDKC,SOCC
SOXDKD,SOCC
SOXDKE,SOCC
SOXDKG,SOCC
SOXDKJ,SOCC
SOXDKO,SOCC
SOXDKP,SOCC
SOXDKS,SOCC
SOXDKV,SOCC
SOXDKZ,SOCC
SOXDLA,SOCC
SOXDLB,SOCC
SOXDLD,SOCC
SOXDLE,SOCC
SOXDLF,SOCC
SOXDLG,SOCC
SOXDLH,SOCC
SOXDLI,SOCC
SOXDLJ,SOCC
SOXDLK,SOCC
SOXDLM,SOCC
SOXDLN,SOCC
SOXDLO,SOCC
SOXDLP,SOCC
SOXDLR,SOCC
SOXDLS,SOCC
SOXDLT,SOCC
SOXDLU,SOCC
SOXDLV,SOCC
SOXDLW,SOCC
SOXDLY,SOCC
SOXDMA,SOCC
SOXDMB,SOCC
SOXDMC,SOCC
SOXDMD,SOCC
SOXDME,SOCC
SOXDMF,SOCC
SOXDMG,SOCC
SOXDMH,SOCC
SOXDMI,SOCC
SOXDMJ,SOCC
SOXDMK,SOCC
SOXDML,SOCC
SOXDMM,SOCC
SOXDMN,SOCC
SOXDMO,SOCC
SOXDMP,SOCC
SOXDMQ,SOCC
SOXDMR,SOCC
SOXDMS,SOCC
SOXDMT,SOCC
SOXDMV,SOCC
SOXDMW,SOCC
SOXDMX,SOCC
SOXDMY,SOCC
SOXDNA,SOCC
SOXDNB,SOCC
SOXDNC,SOCC
SOXDNE,SOCC
SOXDNF,SOCC
SOXDNG,SOCC
SOXDNH,SOCC
SOXDNI,SOCC
SOXDNJ,SOCC
SOXDNK,SOCC
SOXDNL,SOCC
SOXDNM,SOCC
SOXDNN,SOCC
SOXDNO,SOCC
SOXDNP,SOCC
SOXDNR,SOCC
SOXDNT,SOCC
SOXDNU,SOCC
SOXDNV,SOCC
SOXDNW,SOCC
SOXDNY,SOCC
SOXDNZ,SOCC
SOXDOA,SOCC
SOXDOB,SOCC
SOXDOC,SOCC
SOXDOD,SOCC
SOXDOF,SOCC
SOXDOG,SOCC
SOXDOH,SOCC
SOXDOK,SOCC
SOXDOL,SOCC
SOXDOM,SOCC
SOXDON,SOCC
SOXDOO,SOCC
SOXDOP,SOCC
SOXDOR,SOCC
SOXDOS,SOCC
SOXDOW,SOCC
SOXDOX,SOCC
SOXDPA,SOCC
SOXDPB,SOCC
SOXDPC,SOCC
SOXDPD,SOCC
SOXDPE,SOCC
SOXDPF,SOCC
SOXDPG,SOCC
SOXDPH,SOCC
SOXDPI,SOCC
SOXDPK,SOCC
SOXDPL,SOCC
SOXDPM,SOCC
SOXDPN,SOCC
SOXDPO,SOCC
SOXDPP,SOCC
SOXDPR,SOCC
SOXDPS,SOCC
SOXDPT,SOCC
SOXDPU,SOCC
SOXDPV,SOCC
SOXDPW,SOCC
SOXDPX,SOCC
SOXDPY,SOCC
SOXDPZ,SOCC
SOXDQB,SOCC
SOXDQM,SOCC
SOXDQN,SOCC
SOXDQP,SOCC
SOXDRA,SOCC
SOXDRB,SOCC
SOXDRC,SOCC
SOXDRD,SOCC
SOXDRE,SOCC
SOXDRF,SOCC
SOXDRG,SOCC
SOXDRH,SOCC
SOXDRI,SOCC
SOXDRK,SOCC
SOXDRL,SOCC
SOXDRM,SOCC
SOXDRN,SOCC
SOXDRO,SOCC
SOXDRP,SOCC
SOXDRR,SOCC
SOXDRS,SOCC
SOXDRT,SOCC
SOXDRU,SOCC
SOXDRV,SOCC
SOXDRW,SOCC
SOXDRY,SOCC
SOXDSA,SOCC
SOXDSB,SOCC
SOXDSC,SOCC
SOXDSD,SOCC
SOXDSE,SOCC
SOXDSF,SOCC
SOXDSG,SOCC
SOXDSH,SOCC
SOXDSJ,SOCC
SOXDSK,SOCC
SOXDSL,SOCC
SOXDSM,SOCC
SOXDSN,SOCC
SOXDSO,SOCC
SOXDSP,SOCC
SOXDSQ,SOCC
SOXDSR,SOCC
SOXDSS,SOCC
SOXDST,SOCC
SOXDSU,SOCC
SOXDSV,SOCC
SOXDSW,SOCC
SOXDSX,SOCC
SOXDSY,SOCC
SOXDSZ,SOCC
SOXDTA,SOCC
SOXDTB,SOCC
SOXDTC,SOCC
SOXDTD,SOCC
SOXDTE,SOCC
SOXDTF,SOCC
SOXDTG,SOCC
SOXDTI,SOCC
SOXDTK,SOCC
SOXDTL,SOCC
SOXDTM,SOCC
SOXDTN,SOCC
SOXDTO,SOCC
SOXDTP,SOCC
SOXDTQ,SOCC
SOXDTR,SOCC
SOXDTS,SOCC
SOXDTT,SOCC
SOXDTU,SOCC
SOXDTW,SOCC
SOXDTY,SOCC
SOXDUA,SOCC
SOXDUC,SOCC
SOXDUG,SOCC
SOXDUH,SOCC
SOXDUI,SOCC
SOXDUK,SOCC
SOXDUL,SOCC
SOXDUM,SOCC
SOXDUN,SOCC
SOXDUP,SOCC
SOXDUS,SOCC
SOXDUU,SOCC
SOXDVA,SOCC
SOXDVB,SOCC
SOXDVC,SOCC
SOXDVD,SOCC
SOXDVE,SOCC
SOXDVG,SOCC
SOXDVI,SOCC
SOXDVL,SOCC
SOXDVM,SOCC
SOXDVN,SOCC
SOXDVO,SOCC
SOXDVP,SOCC
SOXDVR,SOCC
SOXDVS,SOCC
SOXDVT,SOCC
SOXDVV,SOCC
SOXDVW,SOCC
SOXDVZ,SOCC
SOXDWA,SOCC
SOXDWC,SOCC
SOXDWD,SOCC
SOXDWE,SOCC
SOXDWF,SOCC
SOXDWG,SOCC
SOXDWH,SOCC
SOXDWI,SOCC
SOXDWK,SOCC
SOXDWL,SOCC
SOXDWM,SOCC
SOXDWN,SOCC
SOXDWP,SOCC
SOXDWR,SOCC
SOXDWS,SOCC
SOXDWT,SOCC
SOXDWU,SOCC
SOXDWV,SOCC
SOXDWW,SOCC
SOXDWY,SOCC
SOXDWZ,SOCC
SOXDXC,SOCC
SOXDXL,SOCC
SOXDXM,SOCC
SOXDXR,SOCC
SOXDXS,SOCC
SOXDXT,SOCC
SOXDXX,SOCC
SOXDYL,SOCC
SOXDYN,SOCC
SOXDYS,SOCC
SOXDZI,SOCC
SOXRAB,SOCC
SOXRAZ,SOCC
SOXRBA,SOCC
SOXRBD,SOCC
SOXRBL,SOCC
SOXRBS,SOCC
SOXRCC,SOCC
SOXRCF,SOCC
SOXRCG,SOCC
SOXRCO,SOCC
SOXRCS,SOCC
SOXRDS,SOCC
SOXREC,SOCC
SOXREE,SOCC
SOXREM,SOCC
SOXRER,SOCC
SOXRFL,SOCC
SOXRFP,SOCC
SOXRGG,SOCC
SOXRGK,SOCC
SOXRKK,SOCC
SOXRLA,SOCC
SOXRLB,SOCC
SOXRLG,SOCC
SOXRLM,SOCC
SOXRLP,SOCC
SOXRLR,SOCC
SOXRLU,SOCC
SOXRLV,SOCC
SOXRMA,SOCC
SOXRMC,SOCC
SOXRMF,SOCC
SOXRMH,SOCC
SOXRMS,SOCC
SOXRNG,SOCC
SOXROD,SOCC
SOXROH,SOCC
SOXROK,SOCC
SOXROR,SOCC
SOXROS,SOCC
SOXROU,SOCC
SOXRPA,SOCC
SOXRPC,SOCC
SOXRPS,SOCC
SOXRRC,SOCC
SOXRRF,SOCC
SOXRRU,SOCC
SOXRSB,SOCC
SOXRSC,SOCC
SOXRSD,SOCC
SOXRSE,SOCC
SOXRSG,SOCC
SOXRSJ,SOCC
SOXRSK,SOCC
SOXRSM,SOCC
SOXRSO,SOCC
SOXRSS,SOCC
SOXRUA,SOCC
SOXRUG,SOCC
SOXRUK,SOCC
SOXRUT,SOCC
SOXRUW,SOCC
SOXRWA,SOCC
SOXRWJ,SOCC
SOXRWS,SOCC
SOXVEV,SOCC
SOXXDL,SOCC
SWCDPL,SWIM
SWCRFU,SWIM
SWCWCB,CALB
SWCWPI,SWIM
SWCWSD,SWIM
SWDVCB,CALB
SWDWCB,CALB
SWFLMN,SWIM
SWFLMU,SWIM
SWPVCB,CALB
SWSPCB,CALB
SWXAAZ,SWIM
SWXCAV,SWIM
SWXCAZ,SWIM
SWXCNT,SWIM
SWXCUW,SWIM
SWXDBU,SWIM
SWXDCM,SWIM
SWXDCO,SWIM
SWXDIU,SWIM
SWXDLU,SWIM
SWXDMH,SWIM
SWXDMN,SWIM
SWXDMU,SWIM
SWXDNK,SWIM
SWXDNM,SWIM
SWXDNW,SWIM
SWXDPL,SWIM
SWXDPP,SWIM
SWXDPU,SWIM
SWXDPW,SWIM
SWXDRU,SWIM
SWXDSD,SWIM
SWXDSN,SWIM
SWXDWS,SWIM
SWXPPW,SWIM
SWXRAG,SWIM
SWXRAS,SWIM
SWXRAU,SWIM
SWXRAV,SWIM
SWXRAZ,SWIM
SWXRBG,SWIM
SWXRBS,SWIM
SWXRCB,CALB
SWXRCO,SWIM
SWXRCP,SWIM
SWXRFM,SWIM
SWXRFU,SWIM
SWXRGT,SWIM
SWXRHD,SWIM
SWXRIN,SWIM
SWXRIU,SWIM
SWXRJH,SWIM
SWXRKY,SWIM
SWXRLA,SWIM
SWXRLC,SWIM
SWXRLM,SWIM
SWXRLT,SWIM
SWXRLU,SWIM
SWXRLV,SWIM
SWXRMC,SWIM
SWXRMH,SWIM
SWXRMN,SWIM
SWXRNC,SWIM
SWXRNH,SWIM
SWXRNJ,SWIM
SWXRNT,SWIM
SWXRNY,SWIM
SWXROK,SWIM
SWXROR,SWIM
SWXRPI,SWIM
SWXRPU,SWIM
SWXRQU,SWIM
SWXRSB,SWIM
SWXRSC,SWIM
SWXRSD,SWIM
SWXRSI,SWIM
SWXRSJ,SWIM
SWXRSM,SWIM
SWXRSP,SWIM
SWXRSS,SWIM
SWXRTN,SWIM
SWXRUH,SWIM
SWXRUU,SWIM
SWXRUV,SWIM
SWXRUW,SWIM
SWXRVT,SWIM
SWXRVU,SWIM
SWXRWN,SWIM
SWXRWT,SWIM
SWXRWU,SWIM
SWXSAV,SWIM
SWXSLO,SWIM
SWXSLU,SWIM
SWXSMU,SWIM
SWXVEV,SWIM
SWXWBU,SWIM
SWXWNW,SWIM
SWXWPP,SWIM
SWXWSM,SWIM
TNADAT,TENN
TNADAU,TENN
TNADBB,TENN
TNADBI,TENN
TNADCP,TENN
TNADCT,TENN
TNADDE,TENN
TNADDH,TENN
TNADDM,TENN
TNADEA,TENN
TNADEK,TENN
TNADER,TENN
TNADFM,TENN
TNADGA,TENN
TNADGU,TENN
TNADHI,TENN
TNADIV,TENN
TNADJH,TENN
TNADKA,TENN
TNADLQ,TENN
TNADLS,TENN
TNADLT,TENN
TNADLW,TENN
TNADMC,TENN
TNADMP,TENN
TNADMV,TENN
TNADNP,TENN
TNADNT,TENN
TNADON,TENN
TNADOR,TENN
TNADPB,TENN
TNADPH,TENN
TNADPK,TENN
TNADPL,TENN
TNADPP,TENN
TNADPU,TENN
TNADQC,TENN
TNADRV,TENN
TNADSB,TENN
TNADSE,TENN
TNADSG,TENN
TNADSL,TENN
TNADSM,TENN
TNADSN,TENN
TNADSO,TENN
TNADSP,TENN
TNADSS,TENN
TNADTA,TENN
TNADTN,TENN
TNADTS,TENN
TNADWA,TENN
TNADWD,TENN
TNADWL,TENN
TNADWR,TENN
TNADWY,TENN
TNARCS,TENN
TNARMH,TENN
TNARSC,TENN
TNTDOB,TENN
TNTDWA,TENN
TNTDWE,TENN
TNTRAC,TENN
TNTRMH,TENN
TNTRNH,TENN
TNTRSC,TENN
TNXDAC,TENN
TNXDAD,TENN
TNXDAL,TENN
TNXDAP,TENN
TNXDAR,TENN
TNXDAS,TENN
TNXDAT,TENN
TNXDAU,TENN
TNXDBA,TENN
TNXDBB,TENN
TNXDBC,TENN
TNXDBO,TENN
TNXDBP,TENN
TNXDBR,TENN
TNXDBS,TENN
TNXDBT,TENN
TNXDBU,TENN
TNXDBV,TENN
TNXDCA,CALB
TNXDCC,TENN
TNXDCD,TENN
TNXDCO,TENN
TNXDCP,TENN
TNXDCR,TENN
TNXDCS,TENN
TNXDCV,TENN
TNXDCY,TENN
TNXDDD,TENN
TNXDDE,TENN
TNXDDH,TENN
TNXDEE,TENN
TNXDEH,TENN
TNXDEP,TENN
TNXDEU,TENN
TNXDFC,TENN
TNXDGC,TENN
TNXDGF,TENN
TNXDGT,TENN
TNXDHA,TENN
TNXDHC,TENN
TNXDIV,TENN
TNXDJH,TENN
TNXDJR,TENN
TNXDJU,TENN
TNXDKS,TENN
TNXDKT,TENN
TNXDLB,TENN
TNXDLC,TENN
TNXDLF,TENN
TNXDLM,TENN
TNXDLN,TENN
TNXDLS,TENN
TNXDLT,TENN
TNXDLU,TENN
TNXDLV,TENN
TNXDLW,TENN
TNXDMA,TENN
TNXDMB,TENN
TNXDMI,TENN
TNXDML,TENN
TNXDMS,TENN
TNXDMV,TENN
TNXDNH,TENN
TNXDNP,TENN
TNXDNT,TENN
TNXDOB,TENN
TNXDOC,TENN
TNXDOE,TENN
TNXDON,TENN
TNXDOU,TENN
TNXDPB,TENN
TNXDPE,TENN
TNXDPG,TENN
TNXDPH,TENN
TNXDPL,TENN
TNXDPN,TENN
TNXDPS,TENN
TNXDPU,TENN
TNXDQC,TENN
TNXDRB,TENN
TNXDSA,TENN
TNXDSB,TENN
TNXDSC,TENN
TNXDSD,TENN
TNXDSE,TENN
TNXDSG,TENN
TNXDSJ,TENN
TNXDSL,TENN
TNXDSM,TENN
TNXDSN,TENN
TNXDSO,TENN
TNXDSP,TENN
TNXDSR,TENN
TNXDSS,TENN
TNXDSV,TENN
TNXDTC,TENN
TNXDTS,TENN
TNXDUF,TENN
TNXDUH,TENN
TNXDUM,TENN
TNXDUP,TENN
TNXDUR,TENN
TNXDVC,TENN
TNXDWA,TENN
TNXDWB,TENN
TNXDWC,TENN
TNXDWE,TENN
TNXDWF,TENN
TNXDWH,TENN
TNXDWL,TENN
TNXDWM,TENN
TNXDWS,TENN
TNXDXS,TENN
TNXDYU,TENN
TNXDZH,TENN
TNXRAR,TENN
TNXRAU,TENN
TNXRBA,TENN
TNXRBC,TENN
TNXRBS,TENN
TNXRBU,TENN
TNXRCC,TENN
TNXRCG,TENN
TNXRCL,TENN
TNXRCM,TENN
TNXRCS,TENN
TNXRDK,TENN
TNXRDU,TENN
TNXREC,TENN
TNXREK,TENN
TNXREU,TENN
TNXRFA,TENN
TNXRFB,TENN
TNXRFM,TENN
TNXRFV,TENN
TNXRGA,TENN
TNXRGC,TENN
TNXRGD,TENN
TNXRGU,TENN
TNXRHI,TENN
TNXRHV,TENN
TNXRJC,TENN
TNXRKA,TENN
TNXRKC,TENN
TNXRKT,TENN
TNXRLM,TENN
TNXRLS,TENN
TNXRLV,TENN
TNXRMB,TENN
TNXRMC,TENN
TNXRMH,TENN
TNXRMN,TENN
TNXRMS,TENN
TNXRMU,TENN
TNXRNT,TENN
TNXROD,TENN
TNXRON,TENN
TNXROR,TENN
TNXROS,TENN
TNXRPS,TENN
TNXRPU,TENN
TNXRRC,TENN
TNXRRD,TENN
TNXRSC,TENN
TNXRSD,TENN
TNXRSF,TENN
TNXRSG,TENN
TNXRSM,TENN
TNXRSO,TENN
TNXRSR,TENN
TNXRSU,TENN
TNXRSY,TENN
TNXRTA,TENN
TNXRTN,TENN
TNXRUA,TENN
TNXRUC,TENN
TNXRUD,TENN
TNXRUI,TENN
TNXRVA,TENN
TNXRVT,TENN
TNXRWM,TENN
TNXRWS,TENN
TNXVEV,TENN
TRXDIN,TRIA
TRXDNY,TRIA
TRXDUA,TRIA
TRXRNH,TRIA
USBDABB,USBSA
USBDAL,USBSA
USBDARC,USBSA
USBDAT,USBSA
USBDBAYS,USBSA
USBDBUE,USBSA
USBDCAP,USBSA
USBDCC,USBSA
USBDCHC,USBSA
USBDCL,USBSA
USBDCM,USBSA
USBDCON,USBSA
USBDCRC,USBSA
USBDCS,USBSA
USBDCSH,USBSA
USBDDEL,USBSA
USBDEL,USBSA
USBDFLU,USBSA
USBDFRM,USBSA
USBDFWC,USBSA
USBDFWCS,USBSA
USBDGL,USBSA
USBDGRN,USBSA
USBDJM,USBSA
USBDLB,USBSA
USBDLIT,USBSA
USBDLS,USBSA
USBDLSP,USBSA
USBDMAH,USBSA
USBDMBC,USBSA
USBDMH,USBSA
USBDMI,USBSA
USBDMM,USBSA
USBDMMA,USBSA
USBDMT,USBSA
USBDNW,USBSA
USBDOH,USBSA
USBDPD,USBSA
USBDPKS,USBSA
USBDPQ,USBSA
USBDPR,USBSA
USBDRID,USBSA
USBDROX,USBSA
USBDRSV,USBSA
USBDRUS,USBSA
USBDSC,USBSA
USBDSCH,USBSA
USBDSCT,USBSA
USBDSJF,USBSA
USBDSM,USBSA
USBDSTC,USBSA
USBDTA,USBSA
USBDTB,USBSA
USBDTH,USBSA
USBDTIV,USBSA
USBDTL,USBSA
USBDTV,USBSA
USBDVAN,USBSA
USBDVP,USBSA
USBDVT,USBSA
USBDWCH,USBSA
USBDWL,USBSA
USCGC23,USGC
USEPGT,USSE
VGXDBD,VGOL
VGXRCT,VGOL
VGXRLV,VGOL
VGXRUC,VGOL
VOBDCS,VOLL
VOBDES,VOLL
VOBDLV,VOLL
VOBRAU,VOLL
VOBRSH,VOLL
VOGDAA,VOLL
VOGDAB,VOLL
VOGDAC,VOLL
VOGDAD,VOLL
VOGDAE,VOLL
VOGDAF,VOLL
VOGDAH,VOLL
VOGDAI,VOLL
VOGDAJ,VOLL
VOGDAK,VOLL
VOGDAL,VOLL
VOGDAM,VOLL
VOGDAN,VOLL
VOGDAO,VOLL
VOGDAP,VOLL
VOGDAT,VOLL
VOGDAV,VOLL
VOGDAZ,VOLL
VOGDBA,VOLL
VOGDBB,VOLL
VOGDBC,VOLL
VOGDBE,VOLL
VOGDBH,VOLL
VOGDBI,VOLL
VOGDBK,VOLL
VOGDBL,VOLL
VOGDBM,VOLL
VOGDBN,VOLL
VOGDBO,VOLL
VOGDBQ,VOLL
VOGDBR,VOLL
VOGDBT,VOLL
VOGDBV,VOLL
VOGDCA,CALB
VOGDCB,VOLL
VOGDCC,VOLL
VOGDCD,VOLL
VOGDCH,VOLL
VOGDCJ,VOLL
VOGDCK,VOLL
VOGDCL,VOLL
VOGDCM,VOLL
VOGDCP,VOLL
VOGDCR,VOLL
VOGDCS,VOLL
VOGDCT,VOLL
VOGDCU,VOLL
VOGDCV,VOLL
VOGDCW,VOLL
VOGDDA,VOLL
VOGDDC,VOLL
VOGDDD,USVO
VOGDDF,VOLL
VOGDDK,VOLL
VOGDDL,VOLL
VOGDDQ,VOLL
VOGDDS,VOLL
VOGDDV,VOLL
VOGDDW,VOLL
VOGDEA,VOLL
VOGDEC,VOLL
VOGDEF,VOLL
VOGDEG,VOLL
VOGDEL,VOLL
VOGDEM,VOLL
VOGDEN,VOLL
VOGDES,VOLL
VOGDET,VOLL
VOGDEU,VOLL
VOGDEW,VOLL
VOGDFG,USVO
VOGDFK,VOLL
VOGDFL,VOLL
VOGDFM,VOLL
VOGDFN,VOLL
VOGDFU,VOLL
VOGDFX,VOLL
VOGDGA,VOLL
VOGDGC,VOLL
VOGDGD,VOLL
VOGDGE,VOLL
VOGDGF,VOLL
VOGDGP,VOLL
VOGDGT,VOLL
VOGDGV,VOLL
VOGDGW,VOLL
VOGDHA,VOLL
VOGDHB,VOLL
VOGDHE,VOLL
VOGDHF,VOLL
VOGDHH,VOLL
VOGDHJ,VOLL
VOGDHO,VOLL
VOGDHR,VOLL
VOGDHS,VOLL
VOGDHT,VOLL
VOGDHV,VOLL
VOGDHW,VOLL
VOGDHY,VOLL
VOGDIA,VOLL
VOGDIP,VOLL
VOGDIT,VOLL
VOGDJC,VOLL
VOGDJG,VOLL
VOGDJO,VOLL
VOGDJP,VOLL
VOGDJW,VOLL
VOGDKB,VOLL
VOGDKC,VOLL
VOGDKH,VOLL
VOGDKS,VOLL
VOGDKT,VOLL
VOGDKW,VOLL
VOGDLC,VOLL
VOGDLE,VOLL
VOGDLF,VOLL
VOGDLG,VOLL
VOGDLH,VOLL
VOGDLJ,VOLL
VOGDLL,VOLL
VOGDLN,VOLL
VOGDLO,VOLL
VOGDLS,VOLL
VOGDLT,VOLL
VOGDLV,VOLL
VOGDMA,VOLL
VOGDMB,VOLL
VOGDMD,VOLL
VOGDME,VOLL
VOGDMF,VOLL
VOGDMH,VOLL
VOGDMK,VOLL
VOGDML,VOLL
VOGDMM,VOLL
VOGDMN,VOLL
VOGDMO,VOLL
VOGDMP,VOLL
VOGDMR,VOLL
VOGDMS,VOLL
VOGDMT,VOLL
VOGDMU,VOLL
VOGDMV,VOLL
VOGDMW,VOLL
VOGDMY,VOLL
VOGDNB,VOLL
VOGDNC,VOLL
VOGDNE,VOLL
VOGDNH,VOLL
VOGDNJ,VOLL
VOGDNN,VOLL
VOGDNO,USVO
VOGDNP,VOLL
VOGDNT,VOLL
VOGDNU,VOLL
VOGDOA,VOLL
VOGDOC,VOLL
VOGDOD,VOLL
VOGDOK,VOLL
VOGDOM,VOLL
VOGDOS,VOLL
VOGDPA,VOLL
VOGDPC,VOLL
VOGDPD,VOLL
VOGDPH,VOLL
VOGDPI,VOLL
VOGDPL,VOLL
VOGDPR,VOLL
VOGDPU,VOLL
VOGDPV,VOLL
VOGDRA,VOLL
VOGDRB,VOLL
VOGDRC,VOLL
VOGDRD,VOLL
VOGDRE,VOLL
VOGDRH,VOLL
VOGDRI,VOLL
VOGDRK,VOLL
VOGDRP,VOLL
VOGDRR,VOLL
VOGDRS,VOLL
VOGDRU,VOLL
VOGDRV,VOLL
VOGDRW,VOLL
VOGDRX,VOLL
VOGDSA,VOLL
VOGDSB,VOLL
VOGDSC,VOLL
VOGDSD,VOLL
VOGDSE,VOLL
VOGDSF,VOLL
VOGDSH,VOLL
VOGDSI,VOLL
VOGDSJ,VOLL
VOGDSK,VOLL
VOGDSL,VOLL
VOGDSM,VOLL
VOGDSN,VOLL
VOGDSO,VOLL
VOGDSP,VOLL
VOGDSR,VOLL
VOGDSS,VOLL
VOGDST,VOLL
VOGDSU,VOLL
VOGDSV,VOLL
VOGDSX,VOLL
VOGDTA,VOLL
VOGDTB,VOLL
VOGDTC,VOLL
VOGDTD,VOLL
VOGDTE,VOLL
VOGDTG,VOLL
VOGDTH,VOLL
VOGDTI,VOLL
VOGDTL,VOLL
VOGDTN,VOLL
VOGDTR,VOLL
VOGDTS,VOLL
VOGDTU,VOLL
VOGDUA,VOLL
VOGDUD,VOLL
VOGDUN,VOLL
VOGDUP,VOLL
VOGDUR,VOLL
VOGDUT,VOLL
VOGDUV,VOLL
VOGDUW,USVO
VOGDVA,VOLL
VOGDVB,VOLL
VOGDVE,VOLL
VOGDVG,VOLL
VOGDVP,VOLL
VOGDVR,VOLL
VOGDVT,VOLL
VOGDVV,VOLL
VOGDWE,VOLL
VOGDWF,VOLL
VOGDWH,VOLL
VOGDWM,VOLL
VOGDWO,VOLL
VOGDWP,VOLL
VOGDWR,VOLL
VOGDWS,VOLL
VOGDWT,VOLL
VOGDWV,VOLL
VOGDXZ,VOLL
VOGDYS,VOLL
VOGDZB,VOLL
VOGDZS,VOLL
VOGPVG,VOLL
VOGRAU,VOLL
VOGRBR,VOLL
VOGRBU,VOLL
VOGRCL,VOLL
VOGRCS,VOLL
VOGRDN,VOLL
VOGRDS,VOLL
VOGRDU,VOLL
VOGREC,VOLL
VOGREL,VOLL
VOGREN,VOLL
VOGRES,VOLL
VOGRFU,VOLL
VOGRGC,VOLL
VOGRIL,VOLL
VOGRIV,VOLL
VOGRIW,VOLL
VOGRLA,VOLL
VOGRMC,VOLL
VOGRMI,VOLL
VOGRMS,VOLL
VOGRMW,VOLL
VOGRNF,VOLL
VOGRNH,VOLL
VOGROD,VOLL
VOGRPB,VOLL
VOGRSC,VOLL
VOGRSH,VOLL
VOGRSM,VOLL
VOGRSN,VOLL
VOGRSP,USVO
VOGRSS,VOLL
VOGRST,VOLL
VOGRTU,VOLL
VOGRUS,USVO
VOGRUT,VOLL
VOGRWF,VOLL
VOGRWI,VOLL
VOGRWJ,VOLL
VOGRWU,VOLL
VOGRWV,VOLL
VOGRYC,VOLL
VOSDAG,VOLL
VOSDAZ,USVO
VOSDBB,VOLL
VOSDBC,VOLL
VOSDCA,CALB
VOSDDK,USVO
VOSDFU,VOLL
VOSDIC,VOLL
VOSDJJ,VOLL
VOSDMB,VOLL
VOSDOB,VOLL
VOSDOR,USVO
VOSDSF,VOLL
VOSDUB,VOLL
VOSDUH,USVO
VOSDWW,VOLL
VOSRSV,VOLL
VOXVEV,VOLL
WPCWCB,CALB
WPCWCG,CALB
WPCWHV,POLO
WPCWSJ,POLO
WPGDCC,POLO
WPXDIG,POLO
WPXDSA,POLO
WPXRCB,CALB
WPXRCG,CALB
WPXRCS,POLO
WPXRDB,POLO
WPXRHV,POLO
WPXRMH,POLO
WPXRPS,POLO
WPXRSA,POLO
WPXRSC,POLO
WPXRSD,POLO
WPXRWT,POLO
WPXVEV,POLO
WRXDEL,WRES
WRXDOD,WRES
WRXDOM,WRES
WRXDPC,WRES
WRXRMT,WRES
WRXRSP,WRES
WRXVEV,WRES
XLBDBF,XLR8
XLBDBO,XLR8
XLBDCL,XLR8
XLBDCN,XLR8
XLBDCV,XLR8
XLBDDM,XLR8
XLBDGA,XLR8
XLBDGM,XLR8
XLBDGR,XLR8
XLBDHC,XLR8
XLBDHO,XLR8
XLBDIN,XLR8
XLBDKC,XLR8
XLBDLX,XLR8
XLBDNE,XLR8
XLBDNO,XLR8
XLBDNY,XLR8
XLBDPA,XLR8
XLBDPT,XLR8
XLBDRM,XLR8
XLBDSA,XLR8
XLBDSL,XLR8
XLBDTN,XLR8
XLBDVA,XLR8
XLBDWI,XLR8
XLBDWJ,XLR8
XLBRAC,XLR8
XLBRBW,XLR8
XLBRCO,XLR8
XLBRIN,XLR8
XLBRKY,XLR8
XLBRMN,XLR8
XLBRMU,XLR8
XLBRMV,XLR8
XLBRNC,XLR8
XLBROG,XLR8
XLBROR,XLR8
XLBROS,XLR8
XLBRPL,XLR8
XLBRSC,XLR8
XLBRSW,XLR8
XLBRTC,XLR8
XLBRTN,XLR8
XLBRUD,XLR8
XLBRVA,XLR8
XLBRVB,XLR8
XLBRWA,XLR8
XLBRWI,XLR8
XLBRWM,XLR8
XLBRWV,XLR8
XLFLNY,XLR8
XLGDBF,XLR8
XLGDCL,XLR8
XLGDCR,XLR8
XLGDDM,XLR8
XLGDGA,XLR8
XLGDGM,XLR8
XLGDGR,XLR8
XLGDHC,XLR8
XLGDHO,XLR8
XLGDIN,XLR8
XLGDLC,XLR8
XLGDNC,XLR8
XLGDNE,XLR8
XLGDNY,XLR8
XLGDPA,XLR8
XLGDPT,XLR8
XLGDRM,XLR8
XLGDSL,XLR8
XLGDSW,XLR8
XLGDTN,XLR8
XLGDWJ,XLR8
XLGFNY,XLR8
XLGRAC,XLR8
XLGRBW,XLR8
XLGRCO,XLR8
XLGRIL,XLR8
XLGRIN,XLR8
XLGRKY,XLR8
XLGRMN,XLR8
XLGRMU,XLR8
XLGRMV,XLR8
XLGRNC,XLR8
XLGROG,XLR8
XLGROS,XLR8
XLGRPL,XLR8
XLGRSC,XLR8
XLGRSW,XLR8
XLGRTC,XLR8
XLGRTN,XLR8
XLGRUD,XLR8
XLGRWA,XLR8
XLGRWI,XLR8
XLGRWU,XLR8
XLGRWV,XLR8
XXXXXX,SOCC
